filename,template,has_table,Ref,Date,Objet,Pj,Content,Source,Destination,Copie,Table,source_dept,target_dept
filled/doc_001_tmpl1_SRI-2024-001.pdf,template-1.pdf,No,SRI/2024/001,22/05/2024,"Validation budgétaire des partenariats institutionnels du second
semestre.",02 pièces jointes,"Dans le cadre de la planification financière pour le second semestre,
nous vous transmettons les conventions de partenariat actualisées
nécessitant un arbitrage budgétaire. Ces documents détaillent les
engagements financiers prévus avec nos partenaires institutionnels
stratégiques. Nous vous prions de bien vouloir procéder à l'analyse de
ces éléments afin de valider la faisabilité comptable de ces projets.
Nous restons à votre disposition pour toute précision nécessaire
concernant le chiffrage opérationnel.",Service Relations Institutionnelles,Département Finances & Comptabilité,"Direction Générale, Service Juridique",,Service Relations Institutionnelles,Département Finances & Comptabilité
filled/doc_002_tmpl2_SAD-2024-002.pdf,template-2.pdf,No,SAD/2024/002,14/05/2024,"Demande de transfert d'archives semi-actives vers le centre de
stockage logistique.",01 pièce jointe,"Dans le cadre de l'optimisation de nos espaces de conservation, nous
sollicitons le transfert de 40 cartons d'archives semi-actives vers
votre entrepôt sécurisé. Ces documents concernent les bordereaux
d'expédition de l'exercice 2022 et doivent impérativement être
conservés selon nos normes de sécurité en vigueur. Merci de nous
confirmer vos disponibilités pour l'enlèvement de ces volumes d'ici la
fin de la semaine prochaine. Nous restons à votre disposition pour
coordonner les détails logistiques de cette opération.",Service Archives & Documentation,Service Colis & Logistique,Direction des Opérations,,Service Archives & Documentation,Service Colis & Logistique
filled/doc_003_tmpl3_DIS-2023-0003.pdf,template-3.pdf,No,DIS/2023/0003,14/11/2023,"Demande d'avis juridique concernant la mise en conformité des logs
d'accès serveurs au regard du RGPD.",01 pièce jointe,"Dans le cadre de la refonte de notre infrastructure de gestion des
identités, nous avons identifié une divergence concernant la durée de
rétention des logs d'accès nominatifs. Nous sollicitons votre
expertise pour valider la conformité de notre nouvelle politique
d'archivage avec les exigences légales en vigueur. Cette analyse est
indispensable avant le déploiement de la solution sur l'ensemble de
nos serveurs bancaires. Nous restons à votre disposition pour toute
information complémentaire ou pour organiser une réunion de travail.",Département Informatique & Systèmes,Service Juridique & Contentieux,"Direction de la Sécurité des Systèmes d'Information, Direction de la Conformité",,Département Informatique & Systèmes,Service Juridique & Contentieux
filled/doc_004_tmpl1_SRI-2023-0004.pdf,template-1.pdf,No,SRI/2023/0004,14/10/2023,"Mise à jour des protocoles de traitement des virements internationaux
pour les organismes publics.",01 pièce jointe,"Dans le cadre de l'évolution de nos accords avec les institutions
partenaires, nous vous prions de bien vouloir intégrer les nouvelles
directives relatives aux délais de traitement des virements
transfrontaliers. Ces ajustements visent à garantir une meilleure
conformité avec les récentes exigences réglementaires de lutte contre
le blanchiment des capitaux. Nous vous invitons à consulter la note
détaillée en annexe pour adapter vos processus opérationnels dès le
début du mois prochain. Votre retour sur la faisabilité technique de
ces mesures est attendu avant le 25 octobre.",Service Relations Institutionnelles,Service Virements & Moyens de Paiement,"Direction de la Conformité, Service Juridique",,Service Relations Institutionnelles,Service Virements & Moyens de Paiement
filled/doc_005_tmpl2_DIS-2023-0005.pdf,template-2.pdf,No,DIS/2023/0005,14/11/2023,"Déploiement du nouveau logiciel de gestion bancaire et planification
des sessions de formation utilisateur.",02 pièces jointes,"Dans le cadre de la mise en production de notre nouvel outil de
gestion bancaire prévue le mois prochain, nous avons finalisé la
configuration des environnements de test pour vos équipes. Nous vous
invitons à prendre connaissance du calendrier des formations
techniques afin d'assurer une montée en compétence efficace des agents
en agence. Nous restons à votre entière disposition pour coordonner
les sessions pratiques et ajuster les supports pédagogiques selon les
retours des utilisateurs.",Département Informatique & Systèmes,Département Formation & Développement,"Direction des Opérations Bancaires, Direction Générale",,Département Informatique & Systèmes,Département Formation & Développement
filled/doc_006_tmpl3_SGRC-2023-0006.pdf,template-3.pdf,No,SGRC/2023/0006,14/05/2024,"Demande de clarification sur les nouvelles conditions d'ouverture des
livrets d'épargne réglementés.",01 pièce jointe,"Suite aux récentes mises à jour de notre politique commerciale, nous
avons constaté des difficultés de compréhension de la part de nos
guichetiers concernant les pièces justificatives requises. Afin
d'harmoniser nos pratiques en agence, nous vous saurions gré de bien
vouloir confirmer les modalités spécifiques d'entrée en vigueur pour
les nouveaux clients mineurs. Cette clarification nous permettra de
fluidifier le parcours souscription et d'éviter tout rejet de dossier
lors de la vérification par vos services. Nous restons à votre
disposition pour organiser une brève session d'information si
nécessaire.",Service Guichet & Relations Clientèle,Service Épargne & Produits Bancaires,"Direction de la Conformité, Direction du Réseau",,Service Guichet & Relations Clientèle,Service Épargne & Produits Bancaires
filled/doc_007_tmpl1_SG-RC-2023-007.pdf,template-1.pdf,Yes,SG-RC/2023/007,14/09/2023,"Demande de régularisation et d'investigation sur des virements SWIFT
en attente.",01 pièce jointe,"Nous vous sollicitons afin d'examiner le blocage persistant des
virements internationaux listés dans le document ci-joint. Ces
opérations, initiées par notre clientèle premium, sont en suspens dans
votre système malgré la complétude des justificatifs fournis. Nous
vous prions de bien vouloir procéder à une analyse prioritaire afin de
débloquer ces fonds dans les meilleurs délais. Votre retour rapide
nous permettra d'apporter une réponse circonstanciée à nos clients.",Service Guichet & Relations Clientèle,Service Virements & Moyens de Paiement,Direction de la Conformité,,Service Guichet & Relations Clientèle,Service Virements & Moyens de Paiement
filled/doc_008_tmpl2_SJC-2024-0008.pdf,template-2.pdf,No,SJC/2024/0008,14/05/2024,"Avis juridique concernant les droits de propriété intellectuelle sur
la nouvelle série commémorative.",01 pièce jointe,"Suite à votre demande, nous avons examiné les conditions
d'exploitation des visuels fournis pour la future série de timbres
commémoratifs. Il apparaît que les droits de reproduction pour
certains éléments graphiques ne sont pas intégralement cédés pour une
diffusion internationale, nécessitant une renégociation avec les
ayants droit. Nous vous recommandons de suspendre l'impression des
épreuves définitives jusqu'à la signature des avenants contractuels
correspondants. Notre service se tient à votre entière disposition
pour assister vos équipes dans la régularisation de ces documents.",Service Juridique & Contentieux,Département Philatélie & Produits Postaux,"Direction Générale, Service de la Communication",,Service Juridique & Contentieux,Département Philatélie & Produits Postaux
filled/doc_009_tmpl3_DPPP-2023-0009.pdf,template-3.pdf,Yes,DPPP/2023/0009,14/05/2024,"Lancement de la nouvelle collection philatélique 'Patrimoine National'
et modalités de mise en rayon.",01 pièce jointe,"Dans le cadre de la commémoration du centenaire, nous lançons une
série limitée de timbres qui sera disponible dans l'ensemble de vos
agences dès le 1er juin prochain. Nous vous prions de bien vouloir
veiller à ce que le matériel promotionnel soit installé en vitrine
selon les directives fournies en annexe. Il est impératif d'assurer
une visibilité optimale dès l'ouverture des points de vente pour
maximiser les ventes des premiers jours. Nous restons à votre
disposition pour tout support logistique complémentaire nécessaire au
bon déploiement de cette opération.",Département Philatélie & Produits Postaux,Département Réseau & Agences,"Direction de la Communication, Direction Logistique",,Département Philatélie & Produits Postaux,Département Réseau & Agences
filled/doc_010_tmpl1_RH-2023-10.pdf,template-1.pdf,Yes,RH/2023/10,14/10/2023,Transfert des dossiers du personnel pour archivage définitif.,01 pièce jointe,"Dans le cadre de la procédure annuelle de gestion documentaire, nous
vous transmettons les dossiers du personnel ayant quitté l'institution
au cours de l'exercice 2022. Nous vous prions de bien vouloir procéder
à leur enregistrement dans vos registres conformément à la durée
légale de conservation en vigueur. Veuillez trouver ci-joint
l'inventaire détaillé des boîtes d'archives transmises ce jour à vos
services. Nous restons à votre disposition pour toute précision
nécessaire concernant le classement de ces documents confidentiels.",Service Ressources Humaines,Service Archives & Documentation,Direction des Affaires Juridiques,,Service Ressources Humaines,Service Archives & Documentation
filled/doc_011_tmpl2_SAD-2023-0011.pdf,template-2.pdf,No,SAD/2023/0011,14/11/2023,"Rapport annuel sur le traitement des archives bancaires et
sécurisation des flux.",02 pièces jointes,"Faisant suite à notre inventaire semestriel, nous vous transmettons le
rapport détaillé relatif à l'archivage des dossiers de crédit et des
comptes clôturés. Ce document souligne la nécessité d'une mise à jour
de notre politique de conservation pour se conformer aux nouvelles
exigences réglementaires en vigueur. Nous sollicitons votre validation
pour engager le transfert des documents éligibles vers notre centre de
stockage distant. Restant à votre disposition pour tout complément
d'information lors d'une prochaine réunion de direction.",Service Archives & Documentation,Direction Générale,"Direction Juridique, Direction des Risques",,Service Archives & Documentation,Direction Générale
filled/doc_012_tmpl3_DFD-2024-0012.pdf,template-3.pdf,No,DFD/2024/0012,14/05/2024,"Coordination du programme de formation sur les enjeux réglementaires
et institutionnels.",01 pièce jointe,"Dans le cadre de notre plan de montée en compétences, nous
souhaiterions solliciter votre expertise pour animer un séminaire
dédié aux évolutions du cadre réglementaire bancaire auprès de nos
cadres dirigeants. Il nous semble primordial d'aligner nos programmes
de formation interne avec les orientations stratégiques que vous
portez au niveau institutionnel. Nous vous remercions de bien vouloir
examiner le calendrier proposé en pièce jointe et de nous faire part
de vos disponibilités pour un point de coordination avant la fin du
mois.",Département Formation & Développement,Service Relations Institutionnelles,"Direction des Ressources Humaines, Direction Générale",,Département Formation & Développement,Service Relations Institutionnelles
filled/doc_013_tmpl1_SGRC-2023-013.pdf,template-1.pdf,Yes,SGRC/2023/013,14/11/2023,"Signalement d'anomalies récurrentes sur le logiciel de gestion des
files d'attente en agence.",01 pièce jointe,"Nous avons constaté des dysfonctionnements fréquents sur le module de
gestion des flux clients, impactant directement la fluidité du service
en guichet depuis le début de la semaine. Ces coupures intempestives
de la base de données entraînent des temps d'attente accrus pour notre
clientèle et compliquent la saisie des opérations quotidiennes. Nous
sollicitons une intervention technique rapide de vos équipes pour
rétablir la stabilité du système avant le pic d'affluence prévu ce
week-end. Vous trouverez en pièce jointe le journal des erreurs
système relevées par nos gestionnaires de site.",Service Guichet & Relations Clientèle,Département Informatique & Systèmes,Direction des Opérations,,Service Guichet & Relations Clientèle,Département Informatique & Systèmes
filled/doc_014_tmpl2_DCF-2023-0014.pdf,template-2.pdf,No,DCF/2023/0014,14/11/2023,"Mise à jour des procédures de constitution des dossiers de prêt
immobilier.",01 pièce jointe,"Suite aux récentes évolutions réglementaires, nous vous prions de bien
vouloir adapter la liste des pièces justificatives requises pour les
demandes de prêt immobilier transmises par vos guichets. Il est
désormais impératif de vérifier systématiquement l'authenticité des
avis d'imposition via le portail sécurisé avant toute saisie dans
notre outil métier. Cette rigueur permettra de réduire
significativement les délais d'instruction par nos analystes. Nous
vous remercions par avance de votre collaboration pour garantir la
conformité de nos dossiers.",Département Crédit & Financement,Service Guichet & Relations Clientèle,"Direction des Risques, Direction de l'Audit Interne",,Département Crédit & Financement,Service Guichet & Relations Clientèle
filled/doc_015_tmpl3_AUD-2023-015.pdf,template-3.pdf,Yes,AUD/2023/015,14/11/2023,"Demande d'éclaircissements concernant les dossiers de crédit
immobilier en suspens pour le troisième trimestre.",01 pièce jointe,"Dans le cadre de notre mission d'audit périodique, nous avons relevé
des écarts de conformité dans la documentation relative aux garanties
sur plusieurs dossiers de crédit immobilier. Nous vous prions de bien
vouloir justifier ces anomalies et de nous transmettre les avenants
manquants dans les meilleurs délais. Ces éléments sont indispensables
pour finaliser notre rapport annuel de contrôle interne. Nous restons
à votre disposition pour une réunion de travail afin d'harmoniser nos
procédures de vérification.",Département Audit & Inspection,Département Crédit & Financement,"Direction Générale, Département Conformité",,Département Audit & Inspection,Département Crédit & Financement
filled/doc_016_tmpl1_DG-2024-0016.pdf,template-1.pdf,No,DG/2024/0016,14/05/2024,"Ouverture des négociations annuelles obligatoires et révision des
effectifs cadres.",02 pièces jointes,"Dans le cadre de notre stratégie de développement pour l'exercice en
cours, je vous prie de préparer les états récapitulatifs des effectifs
par collège. Il est impératif d'anticiper les besoins en recrutement
pour les postes stratégiques liés à la transformation numérique de nos
services postaux. Veuillez également organiser une première réunion
préparatoire afin d'aborder les ajustements salariaux prévus dans le
plan de performance 2024. Nous comptons sur votre expertise pour
garantir une conformité totale avec les dispositions conventionnelles
en vigueur.",Direction Générale,Service Ressources Humaines,"Direction Financière, Secrétariat Général",,Direction Générale,Service Ressources Humaines
filled/doc_017_tmpl2_SAD-2023-0017.pdf,template-2.pdf,Yes,SAD/2023/0017,14/11/2023,"Demande d'extraction de données et numérisation des registres
historiques",01 pièce jointe,"Dans le cadre de notre projet de dématérialisation du fonds
historique, nous sollicitons votre assistance pour l'extraction des
métadonnées liées aux archives bancaires de la période 1980-1995. Ces
informations sont cruciales pour assurer l'indexation correcte des
fichiers numérisés au sein de notre nouvelle base documentaire. Nous
vous prions d'étudier la faisabilité technique de cette requête et de
nous indiquer les modalités d'accès au serveur de stockage dédié. Une
rencontre entre nos équipes techniques respectives serait souhaitable
pour définir le format d'exportation requis.",Service Archives & Documentation,Département Informatique & Systèmes,"Direction Générale, Service Juridique",,Service Archives & Documentation,Département Informatique & Systèmes
filled/doc_018_tmpl3_SJC-2023-18.pdf,template-3.pdf,No,SJC/2023/18,24/05/2023,"Procédure de traitement des courriers recommandés faisant l'objet de
contestations juridiques.",01 pièce jointe,"Dans le cadre du renforcement de notre conformité, nous vous prions de
bien vouloir appliquer un traitement prioritaire à tout courrier
recommandé notifié par huissier de justice. Il est impératif que les
avis de réception ainsi que les plis correspondants nous soient
transmis sous 48 heures pour permettre une analyse en temps utile.
Nous vous remercions de sensibiliser vos agents sur la nécessité d'une
traçabilité rigoureuse de ces documents. Ces mesures visent à
sécuriser les délais de réponse devant les juridictions compétentes.",Service Juridique & Contentieux,Service Courrier & Distribution,"Direction Générale, Service Conformité",,Service Juridique & Contentieux,Service Courrier & Distribution
filled/doc_019_tmpl1_SAD-2023-0019.pdf,template-1.pdf,Yes,SAD/2023/0019,14/11/2023,Campagne de numérisation et destruction des dossiers clients clos.,01 pièce jointe,"Dans le cadre de notre projet de dématérialisation, nous procédons
actuellement à l'inventaire des archives physiques conservées dans vos
agences respectives. Nous vous prions de bien vouloir valider la liste
des dossiers clos éligibles à la destruction, conformément à la durée
légale de conservation des documents bancaires. Une fois votre accord
reçu, notre équipe logistique organisera le transfert sécurisé des
documents restants vers nos entrepôts centraux. Nous vous remercions
par avance de votre collaboration pour optimiser l'espace de stockage
au sein de votre réseau.",Service Archives & Documentation,Département Réseau & Agences,"Direction de la Conformité, Direction des Opérations",,Service Archives & Documentation,Département Réseau & Agences
filled/doc_020_tmpl2_SVMP-2024-0020.pdf,template-2.pdf,No,SVMP/2024/0020,14/05/2024,"Note de synthèse relative à l'évolution des transactions SEPA et
déploiement de l'instantanéité.",02 pièces jointes,"Suite aux récentes analyses de volumétrie, nous avons constaté une
croissance soutenue des virements instantanés sur le dernier
trimestre, nécessitant un ajustement de nos capacités de traitement
technique. Nous sollicitons par la présente un arbitrage de la
Direction Générale concernant l'investissement budgétaire alloué à la
montée en charge de notre plateforme de compensation. Les documents
joints détaillent les gains d'efficacité opérationnelle projetés ainsi
que les risques de saturation encourus sans mise à niveau immédiate de
nos serveurs. Nous restons à votre entière disposition pour une
présentation détaillée lors du prochain comité de pilotage financier.",Service Virements & Moyens de Paiement,Direction Générale,"Direction des Systèmes d'Information, Direction Financière",,Service Virements & Moyens de Paiement,Direction Générale
filled/doc_021_tmpl3_DCF-2024-021.pdf,template-3.pdf,No,DCF/2024/021,14/05/2024,"Demande de versement et numérisation des dossiers de crédits clôturés
au titre de l'exercice 2022.",03 pièces jointes,"Dans le cadre de notre campagne annuelle d'épuration des espaces de
travail, nous vous prions de bien vouloir procéder à l'archivage
sécurisé des dossiers de prêts immobiliers ayant atteint leur terme en
2022. Vous trouverez en pièce jointe l'inventaire détaillé des
références concernées par ce transfert vers vos magasins d'archives.
Nous vous remercions de confirmer la réception de ces documents et de
nous indiquer la date de disponibilité des bordereaux de prise en
charge. Ces archives demeurent soumises à la réglementation en vigueur
concernant la conservation des données bancaires.",Département Crédit & Financement,Service Archives & Documentation,"Direction des Risques, Direction Juridique",,Département Crédit & Financement,Service Archives & Documentation
filled/doc_022_tmpl1_SAD-2023-0022.pdf,template-1.pdf,No,SAD/2023/0022,14/11/2023,Procédure de traitement des archives dormantes des agences,02 pièces jointes,"Dans le cadre de la campagne annuelle de rationalisation de l'espace,
nous vous prions de bien vouloir procéder au tri des dossiers clients
inactifs dont la durée légale de conservation est échue. Veuillez
compléter les bordereaux de versement ci-joints avant toute demande de
transfert vers nos centres d'archivage sécurisés. Nous vous rappelons
que tout dossier incomplet ou mal étiqueté sera systématiquement
refusé par nos services de réception afin de garantir la traçabilité
des données bancaires.",Service Archives & Documentation,Département Réseau & Agences,"Direction de la Conformité, Service Logistique",,Service Archives & Documentation,Département Réseau & Agences
filled/doc_023_tmpl2_SAD-2023-0023.pdf,template-2.pdf,Yes,SAD/2023/0023,14/11/2023,"Mise à disposition d'archives historiques pour la campagne du
centenaire.",01 pièce jointe,"Dans le cadre de votre projet de communication pour le centenaire de
notre institution, nous avons sélectionné une série de clichés et
documents comptables datant de 1923. Vous trouverez en pièce jointe
l'inventaire détaillé des éléments numérisés disponibles pour
illustrer vos supports de campagne. Nous restons à votre entière
disposition pour toute recherche complémentaire dans nos fonds
documentaires afin de garantir l'exactitude historique de vos
publications. Merci de bien vouloir nous confirmer la réception de ces
fichiers et l'usage que vous comptez en faire.",Service Archives & Documentation,Service Marketing & Communication,Direction Générale,,Service Archives & Documentation,Service Marketing & Communication
filled/doc_024_tmpl3_DFD-2024-024.pdf,template-3.pdf,Yes,DFD/2024/024,14/05/2024,"Planification des sessions de mise à niveau sur les nouveaux outils de
gestion guichet.",01 pièce jointe,"Dans le cadre de l'optimisation de la qualité de service, nous
organisons une série d'ateliers de formation portant sur les nouvelles
procédures d'encaissement et de gestion des comptes clients. Ces
sessions sont essentielles pour garantir une maîtrise parfaite des
outils déployés le mois dernier par notre institution. Nous vous
prions de bien vouloir libérer les agents désignés selon le planning
ci-joint afin d'assurer la continuité du service au guichet durant
cette période. Nous restons à votre entière disposition pour tout
ajustement nécessaire relatif aux dates proposées.",Département Formation & Développement,Service Guichet & Relations Clientèle,"Direction des Opérations, Direction des Ressources Humaines",,Département Formation & Développement,Service Guichet & Relations Clientèle
filled/doc_025_tmpl1_DG-2024-0025.pdf,template-1.pdf,No,DG/2024/0025,14/05/2024,"Révision des taux de rémunération des livrets d'épargne pour le
prochain trimestre.",01 pièce jointe,"Dans le cadre de la nouvelle stratégie commerciale, nous avons acté
une révision à la hausse des taux de rémunération sur l'ensemble de
nos produits d'épargne réglementée. Je vous demande d'intégrer ces
ajustements dans nos systèmes d'information avant la fin de la semaine
en cours. Une note technique détaillée est jointe à ce courrier pour
vous permettre de configurer les paramètres de calcul selon les
nouvelles directives de la Banque Centrale. Nous comptons sur votre
diligence pour assurer une communication transparente auprès de notre
clientèle dès lundi prochain.",Direction Générale,Service Épargne & Produits Bancaires,"Direction Marketing, Direction Juridique",,Direction Générale,Service Épargne & Produits Bancaires
filled/doc_026_tmpl2_AUD-2024-0026.pdf,template-2.pdf,Yes,AUD/2024/0026,14/05/2024,"Audit de conformité relatif aux taux d'intérêt des comptes d'épargne
réglementés.",01 pièce jointe,"Dans le cadre de notre mission d'audit trimestrielle, nous avons
relevé des écarts dans l'application des taux de rémunération sur
certains produits d'épargne. Nous vous prions d'examiner les anomalies
identifiées dans le tableau ci-joint et de nous transmettre vos
mesures correctives sous huitaine. Il est impératif d'assurer la mise
en conformité des paramétrages système pour éviter tout risque
réglementaire majeur. Nous restons à votre entière disposition pour
toute précision nécessaire concernant ces observations.",Département Audit & Inspection,Service Épargne & Produits Bancaires,"Direction des Risques, Direction Générale",,Département Audit & Inspection,Service Épargne & Produits Bancaires
filled/doc_027_tmpl3_DAI-2024-0027.pdf,template-3.pdf,No,DAI/2024/0027,14/05/2024,"Demande d'avis juridique suite aux irrégularités constatées lors de
l'audit des opérations de crédit du premier trimestre.",02 pièces jointes,"Dans le cadre de notre mission d'audit portant sur la conformité des
dossiers de crédit, nous avons relevé des anomalies procéduraux
significatives concernant la constitution des garanties hypothécaires.
Nous sollicitons votre expertise pour évaluer les risques juridiques
encourus par l'institution ainsi que les mesures correctives à engager
immédiatement. Veuillez nous faire part de vos préconisations afin
d'aligner nos pratiques sur les exigences réglementaires en vigueur.
Nous restons à votre disposition pour toute précision complémentaire
sur les dossiers identifiés.",Département Audit & Inspection,Service Juridique & Contentieux,"Direction Générale, Direction des Risques",,Département Audit & Inspection,Service Juridique & Contentieux
filled/doc_028_tmpl1_SMC-2023-0028.pdf,template-1.pdf,Yes,SMC/2023/0028,14/05/2024,"Mise à jour des formulaires de souscription en ligne pour le
déploiement de la nouvelle offre épargne.",01 pièce jointe,"Dans le cadre du lancement de notre nouvelle gamme de livrets
bancaires, nous sollicitons votre expertise technique pour intégrer
les nouveaux formulaires de souscription sur notre portail client. Il
est impératif que les flux de données soient parfaitement synchronisés
avec notre outil CRM pour garantir un traitement immédiat des
dossiers. Nous vous prions d'examiner le cahier des charges
fonctionnel ci-joint afin de définir le calendrier de mise en
production. Nous restons à votre entière disposition pour une réunion
de cadrage en début de semaine prochaine.",Service Marketing & Communication,Département Informatique & Systèmes,"Direction de la Stratégie Commerciale, Direction des Opérations",,Service Marketing & Communication,Département Informatique & Systèmes
filled/doc_029_tmpl2_DFC-2023-29.pdf,template-2.pdf,Yes,DFC/2023/29,14/11/2023,"Demande d'audit des accès au logiciel de gestion comptable et mise à
jour des paramètres de clôture annuelle.",01 pièce jointe,"Dans le cadre de la préparation des opérations de clôture de
l'exercice fiscal en cours, nous sollicitons une revue approfondie des
droits d'accès utilisateurs sur notre progiciel financier. Il est
impératif de procéder à la désactivation des profils obsolètes et à la
vérification des autorisations de saisie pour les collaborateurs ayant
changé de service. Par ailleurs, nous vous prions de prévoir une
intervention technique pour la reconfiguration des périodes comptables
ouvertes sur le serveur central. Nous restons à votre disposition pour
planifier une réunion de coordination afin de valider ce calendrier
d'intervention.",Département Finances & Comptabilité,Département Informatique & Systèmes,"Direction Générale, Service Audit Interne",,Département Finances & Comptabilité,Département Informatique & Systèmes
filled/doc_030_tmpl3_SCL-2023-0030.pdf,template-3.pdf,No,SCL/2023/0030,24/05/2024,"Signalement d'irrégularités récurrentes sur le centre de tri principal
et demande d'audit sécuritaire.",01 pièce jointe,"Nous avons constaté une augmentation anormale des écarts d'inventaire
sur les colis de haute valeur au sein du centre de tri principal au
cours des trois dernières semaines. Afin de prévenir tout risque de
vol ou de malversation interne, nous sollicitons votre expertise pour
renforcer les mesures de contrôle d'accès et le dispositif de
vidéosurveillance sur la zone de quai 4. Un rapport détaillé des
anomalies relevées est joint à la présente note pour faciliter vos
investigations. Nous restons à votre entière disposition pour convenir
d'une visite de terrain dans les meilleurs délais.",Service Colis & Logistique,Département Sécurité & Prévention,Direction des Opérations,,Service Colis & Logistique,Département Sécurité & Prévention
filled/doc_031_tmpl1_AUD-2023-31.pdf,template-1.pdf,No,AUD/2023/31,24/05/2024,"Audit de conformité des procédures de traitement des colis
internationaux et suivi des anomalies de livraison.",02 pièces jointes,"Dans le cadre de notre mission d'audit annuel, nous avons relevé des
écarts persistants concernant le traitement des colis en zone de
transit international. Nous vous prions de bien vouloir examiner les
anomalies listées en annexe et de nous fournir vos mesures correctives
d'ici la fin du mois. Cette démarche vise à renforcer la sécurisation
des flux logistiques ainsi que la traçabilité des opérations de
dédouanement. Nous restons à votre entière disposition pour toute
précision nécessaire concernant ces points de contrôle.",Département Audit & Inspection,Service Colis & Logistique,"Direction Générale, Service Juridique",,Département Audit & Inspection,Service Colis & Logistique
filled/doc_032_tmpl2_DG-2024-0032.pdf,template-2.pdf,No,DG/2024/0032,14/05/2024,"Révision des conditions d'octroi des crédits immobiliers pour le
second semestre.",02 pièces jointes,"Dans le cadre de l'ajustement de notre politique de risque, je vous
prie d'analyser l'impact de la nouvelle note de conjoncture sur nos
taux de crédit immobilier actuels. Il est impératif que le Département
Crédit & Financement propose une révision des conditions d'octroi pour
le second semestre afin de maintenir la rentabilité de notre
portefeuille tout en maîtrisant le taux de défaut. Veuillez me
transmettre vos projections et recommandations avant le 30 mai
prochain. Une concertation avec les services de la Direction des
Risques sera nécessaire pour valider ces nouveaux paramètres.",Direction Générale,Département Crédit & Financement,"Direction des Risques, Direction de la Conformité",,Direction Générale,Département Crédit & Financement
filled/doc_033_tmpl3_DSP-2024-0033.pdf,template-3.pdf,No,DSP/2024/0033,14/05/2024,"Signalement d'anomalies sur les procédures de contrôle d'accès aux
coffres-forts",01 pièce jointe,"Suite à nos récentes inspections de sécurité, nous avons relevé des
irrégularités récurrentes dans la journalisation des accès aux zones
sécurisées de l'agence centrale. Ces manquements aux procédures
établies pourraient compromettre l'intégrité de nos protocoles de
gestion des valeurs. Nous vous transmettons en pièce jointe le rapport
détaillé des anomalies constatées afin que votre département puisse
diligenter un contrôle interne complémentaire. Nous restons à votre
entière disposition pour une réunion de coordination visant à
renforcer la conformité des processus en vigueur.",Département Sécurité & Prévention,Département Conformité & Contrôle Interne,"Direction des Risques, Secrétariat Général",,Département Sécurité & Prévention,Département Conformité & Contrôle Interne
filled/doc_034_tmpl1_DCCI-2023-0034.pdf,template-1.pdf,Yes,DCCI/2023/0034,14/11/2023,"Mise à jour du référentiel de conformité relatif aux relations avec
les autorités de tutelle.",01 pièce jointe,"Dans le cadre du renforcement de notre dispositif de lutte contre le
blanchiment des capitaux, nous avons procédé à la révision de nos
procédures de reporting auprès des instances régulatrices. Je vous
prie de bien vouloir prendre connaissance du guide actualisé annexé,
qui définit les nouvelles modalités de communication institutionnelle.
Il est impératif que vos services intègrent ces directives afin de
garantir une parfaite traçabilité des échanges avec les autorités
bancaires. Nous restons à votre entière disposition pour toute séance
de travail visant à clarifier ces nouvelles exigences.",Département Conformité & Contrôle Interne,Service Relations Institutionnelles,"Direction Générale, Direction des Risques",,Département Conformité & Contrôle Interne,Service Relations Institutionnelles
filled/doc_035_tmpl2_SVMP-2023-35.pdf,template-2.pdf,Yes,SVMP/2023/35,24/05/2024,"Signalement d'anomalies sur les virements entrants liés aux dossiers
de prêts immobiliers en cours.",01 pièce jointe,"Dans le cadre du rapprochement des flux financiers, notre service a
identifié plusieurs virements entrants dont le libellé ne permet pas
l'imputation automatique sur les comptes de prêts. Nous vous prions de
bien vouloir vérifier les références transmises par les clients
concernés afin de régulariser ces transactions dans les meilleurs
délais. La liste détaillée des opérations en attente de traitement est
disponible dans le fichier joint. Nous restons à votre disposition
pour toute information complémentaire nécessaire au traitement de ces
dossiers.",Service Virements & Moyens de Paiement,Département Crédit & Financement,"Direction de la Conformité, Service Clientèle",,Service Virements & Moyens de Paiement,Département Crédit & Financement
filled/doc_036_tmpl3_DPPP-2023-0036.pdf,template-3.pdf,Yes,DPPP/2023/0036,14/11/2023,"Validation du budget prévisionnel pour l'émission spéciale 'Monnaie et
Patrimoine'.",01 pièce jointe,"Dans le cadre du lancement de notre nouvelle gamme de produits
philatéliques à forte valeur faciale, nous sollicitons votre expertise
pour valider le montage financier associé. Le projet prévoit une série
limitée nécessitant un apport en fonds de roulement spécifique pour
couvrir les coûts de fabrication sécurisée. Nous vous prions
d'examiner le tableau ci-joint détaillant les flux de trésorerie
prévus sur les trois premiers mois d'exploitation. Un retour de votre
part avant le 20 novembre nous permettrait de finaliser le calendrier
de mise en vente auprès de notre réseau d'agences.",Département Philatélie & Produits Postaux,Département Crédit & Financement,"Département Comptabilité, Direction Générale",,Département Philatélie & Produits Postaux,Département Crédit & Financement
filled/doc_037_tmpl1_SRI-2023-37.pdf,template-1.pdf,No,SRI/2023/37,14/11/2023,"Optimisation du traitement des colis sensibles lors des périodes de
forte affluence.",01 pièce jointe,"Dans le cadre de la préparation des fêtes de fin d'année, nous avons
identifié plusieurs dysfonctionnements concernant le traitement des
envois prioritaires issus de nos partenaires institutionnels. Il est
impératif d'ajuster vos protocoles de tri pour garantir le respect des
délais de livraison convenus dans nos conventions de service. Nous
vous prions de bien vouloir examiner les recommandations techniques
détaillées dans le document joint afin d'assurer une fluidité optimale
sur l'ensemble de la chaîne logistique. Nous restons à votre entière
disposition pour convenir d'une réunion de coordination si nécessaire.",Service Relations Institutionnelles,Service Colis & Logistique,"Direction des Opérations, Service Qualité Client",,Service Relations Institutionnelles,Service Colis & Logistique
filled/doc_038_tmpl2_DFD-2023-0038.pdf,template-2.pdf,Yes,DFD/2023/0038,14/11/2023,"Bilan semestriel du plan de montée en compétences numériques des
conseillers clientèle.",01 pièce jointe,"Nous avons l'honneur de vous soumettre le bilan des sessions de
formation consacrées à la digitalisation de nos services bancaires.
Les indicateurs de performance montrent une amélioration significative
de la maîtrise des outils de gestion de compte par le personnel en
agence. Cette dynamique de montée en compétences est essentielle pour
accompagner sereinement notre transition vers les services
dématérialisés. Nous restons à votre disposition pour examiner les
modalités de déploiement de la prochaine phase du programme.",Département Formation & Développement,Direction Générale,"Direction des Ressources Humaines, Direction des Systèmes d'Information",,Département Formation & Développement,Direction Générale
filled/doc_039_tmpl3_DFC-2023-39.pdf,template-3.pdf,No,DFC/2023/39,24/05/2023,"Communication des états de rapprochement bancaire pour la mission
d'audit trimestrielle.",03 pièces jointes,"Dans le cadre de la préparation de votre mission d'audit annuelle,
nous vous transmettons par la présente les états de rapprochement
bancaire ainsi que les justificatifs d'écarts constatés sur le premier
trimestre. Ces documents détaillent les opérations de compensation
effectuées par notre service afin d'assurer la conformité de nos
soldes comptables. Nous restons à votre entière disposition pour toute
demande d'explication complémentaire lors de vos contrôles sur site.
Veuillez agréer, Messieurs les auditeurs, l'expression de nos
salutations distinguées.",Département Finances & Comptabilité,Département Audit & Inspection,Direction Générale,,Département Finances & Comptabilité,Département Audit & Inspection
filled/doc_040_tmpl1_PHIL-2023-040.pdf,template-1.pdf,No,PHIL/2023/040,24/05/2024,"Coordination logistique pour la mise en circulation de la nouvelle
série de timbres commémoratifs.",02 pièces jointes,"Dans le cadre du lancement de la nouvelle émission philatélique prévue
le mois prochain, nous sollicitons votre appui pour la distribution
prioritaire auprès des bureaux de poste de grande affluence. Nous
avons élaboré un plan de répartition des stocks qui nécessite une
vigilance accrue lors de l'acheminement des colis sécurisés. Nous vous
remercions de bien vouloir coordonner avec vos équipes régionales pour
assurer une mise en rayon simultanée sur l'ensemble du territoire
national. Des instructions spécifiques concernant les précautions de
manipulation des feuillets sont détaillées dans les documents joints.",Département Philatélie & Produits Postaux,Service Courrier & Distribution,"Direction Logistique, Direction Commerciale",,Département Philatélie & Produits Postaux,Service Courrier & Distribution
filled/doc_041_tmpl2_SJC-2023-041.pdf,template-2.pdf,Yes,SJC/2023/041,14/05/2024,"Validation juridique des supports promotionnels pour la nouvelle offre
d'épargne.",01 pièce jointe,"Nous avons procédé à l'examen des maquettes relatives à la nouvelle
gamme de produits d'épargne. Plusieurs mentions obligatoires relatives
aux taux d'intérêt et aux frais de gestion doivent être clarifiées
afin de respecter le code de la consommation. Nous vous invitons à
intégrer les modifications recommandées dans le document joint avant
toute mise en production. Nous restons à votre disposition pour
valider les versions finales dès réception.",Service Juridique & Contentieux,Service Marketing & Communication,Direction Commerciale,,Service Juridique & Contentieux,Service Marketing & Communication
filled/doc_042_tmpl3_AUD-2023-0042.pdf,template-3.pdf,No,AUD/2023/0042,14/11/2023,"Audit de conformité des procédures de traitement des virements
internationaux.",02 pièces jointes,"Dans le cadre de notre mission d'audit annuel, nous avons relevé des
écarts concernant les délais de traitement des virements
transfrontaliers sur le dernier trimestre. Nous vous prions de bien
vouloir nous fournir les justificatifs des dérogations exceptionnelles
accordées pour les dossiers listés en annexe. Ces éléments sont
indispensables pour valider la robustesse de votre dispositif de
contrôle interne face aux exigences réglementaires en vigueur. Nous
vous remercions par avance de votre collaboration pour nous
transmettre ces documents sous huitaine.",Département Audit & Inspection,Service Virements & Moyens de Paiement,"Direction des Risques, Direction Générale",,Département Audit & Inspection,Service Virements & Moyens de Paiement
filled/doc_043_tmpl1_DRA-2023-0043.pdf,template-1.pdf,No,DRA/2023/0043,24/05/2024,"Optimisation des flux de distribution et gestion des plis sensibles
vers le réseau.",01 pièce jointe,"Dans le cadre de l'amélioration de notre service client, nous avons
identifié des retards récurrents dans l'acheminement des documents
contractuels vers nos agences régionales. Nous souhaitons convenir
d'un nouveau protocole de tri prioritaire pour les plis portant la
mention « Urgent - Réseau » afin de garantir une meilleure réactivité
commerciale. Veuillez trouver en pièce jointe la liste des agences
prioritaires concernées par ce déploiement. Nous restons à votre
disposition pour organiser une réunion technique sur ce sujet dès la
semaine prochaine.",Département Réseau & Agences,Service Courrier & Distribution,"Direction des Opérations, Direction des Systèmes d'Information",,Département Réseau & Agences,Service Courrier & Distribution
filled/doc_044_tmpl2_DG-2023-0044.pdf,template-2.pdf,No,DG/2023/0044,24/05/2024,"Coordination du suivi des engagements RSE auprès des partenaires
institutionnels.",01 pièce jointe,"Dans le cadre de notre nouvelle stratégie de responsabilité sociétale,
je vous prie de bien vouloir préparer une note de synthèse détaillée
sur nos récents engagements bancaires territoriaux. Ce document sera
essentiel pour la prochaine réunion de concertation avec les instances
de régulation prévue le mois prochain. Votre expertise est attendue
pour harmoniser notre discours institutionnel sur l'inclusion
financière et la digitalisation des services postaux. Je vous remercie
de transmettre ce livrable à ma diligence avant la fin de la semaine
prochaine.",Direction Générale,Service Relations Institutionnelles,"Direction de la Communication, Direction Stratégie",,Direction Générale,Service Relations Institutionnelles
filled/doc_045_tmpl3_DIS-2024-0045.pdf,template-3.pdf,No,DIS/2024/0045,14/05/2024,"Digitalisation et versement sécurisé des archives logicielles
obsolètes.",01 pièce jointe,"Dans le cadre de notre projet de modernisation des serveurs centraux,
nous avons identifié plusieurs bases de données legacy nécessitant une
mise en conformité archivistique. Nous vous prions de bien vouloir
valider la procédure de transfert sécurisé pour le versement des logs
système de la période 2015-2020. Un inventaire détaillé des supports
physiques et numériques est joint à la présente note pour faciliter
votre traitement. Nous restons à votre disposition pour coordonner les
modalités techniques de cet archivage.",Département Informatique & Systèmes,Service Archives & Documentation,"Direction de la Sécurité des Systèmes d'Information, Direction Juridique",,Département Informatique & Systèmes,Service Archives & Documentation
filled/doc_046_tmpl1_SCL-2023-46.pdf,template-1.pdf,No,SCL/2023/46,24/05/2024,Demande de renforcement des effectifs pour la période estivale.,01 pièce jointe,"Dans le cadre de la gestion des flux de colis prévus pour la saison
estivale, nous anticipons une augmentation significative de notre
volume d'activité. Afin de garantir le maintien de nos engagements de
qualité de service, nous sollicitons le recrutement de quatre agents
contractuels pour une durée de trois mois. Vous trouverez en pièce
jointe le détail des profils recherchés ainsi que le planning
prévisionnel des besoins opérationnels. Nous restons à votre entière
disposition pour organiser un entretien technique afin de valider ces
besoins.",Service Colis & Logistique,Service Ressources Humaines,Direction des Opérations,,Service Colis & Logistique,Service Ressources Humaines
filled/doc_047_tmpl2_RH-2023-0047.pdf,template-2.pdf,No,RH/2023/0047,24/05/2024,"Coordination du déploiement de la nouvelle charte de marque employeur
auprès des collaborateurs.",01 pièce jointe,"Dans le cadre de notre stratégie de valorisation de la marque
employeur, nous souhaitons harmoniser les supports de communication
destinés aux nouveaux entrants. Nous vous transmettons en pièce jointe
le nouveau livret d'accueil qui intègre les directives visuelles
récemment validées. Nous vous sollicitons pour une revue finale de la
mise en page afin de garantir la conformité avec la charte graphique
globale de notre institution. Votre expertise nous permettra d'assurer
une expérience collaborateur cohérente dès la phase de recrutement.",Service Ressources Humaines,Service Marketing & Communication,"Direction Générale, Service Juridique",,Service Ressources Humaines,Service Marketing & Communication
filled/doc_048_tmpl3_SCL-2023-048.pdf,template-3.pdf,No,SCL/2023/048,14/11/2023,"Coordination logistique pour le lancement de la nouvelle collection
philatélique de fin d'année.",01 pièce jointe,"Dans le cadre du lancement imminent de notre nouvelle série de timbres
commémoratifs, nous avons finalisé le planning de distribution pour
les centres de tri régionaux. Nous vous prions de bien vouloir valider
les volumes logistiques prévisionnels afin d'optimiser l'acheminement
vers nos bureaux de poste principaux. Cette coordination est
essentielle pour garantir la disponibilité des produits dès le premier
jour d'émission sur l'ensemble du territoire. Nous restons à votre
entière disposition pour ajuster les flux en cas de contraintes
spécifiques liées aux stocks.",Service Colis & Logistique,Département Philatélie & Produits Postaux,"Direction des Opérations Réseau, Service Marketing",,Service Colis & Logistique,Département Philatélie & Produits Postaux
filled/doc_049_tmpl1_SAD-DIS-2024-049.pdf,template-1.pdf,Yes,SAD/DIS/2024/049,14/05/2024,"Migration des bases de données d'archives physiques vers le nouvel
outil GED.",02 pièces jointes,"Dans le cadre de la modernisation de nos infrastructures, nous
finalisons actuellement l'inventaire des fonds documentaires
nécessitant une numérisation prioritaire. Nous sollicitons votre
expertise technique pour valider la compatibilité des formats de
fichiers exportés avec la nouvelle plateforme de gestion électronique
de documents (GED). Une séance de travail est requise avant le 30 mai
pour paramétrer les passerelles de transfert sécurisé entre nos
serveurs locaux et votre infrastructure cloud. Veuillez trouver ci-
joint les spécifications techniques du volume de données concerné.",Service Archives & Documentation,Département Informatique & Systèmes,"Direction des Opérations, Secrétariat Général",,Service Archives & Documentation,Département Informatique & Systèmes
filled/doc_050_tmpl2_RH-2023-0050.pdf,template-2.pdf,No,RH/2023/0050,24/05/2024,"Versement des dossiers du personnel retraité au titre de l'exercice
2023.",01 pièce jointe,"Dans le cadre de notre procédure annuelle de gestion administrative,
nous vous transmettons par la présente le bordereau des dossiers
individuels des collaborateurs ayant fait valoir leurs droits à la
retraite durant l'année écoulée. Nous vous prions de bien vouloir
procéder à leur archivage définitif selon les durées de conservation
légales en vigueur au sein de notre institution. Nous restons à votre
entière disposition pour convenir d'une date de transfert physique de
ces documents dans vos locaux.",Service Ressources Humaines,Service Archives & Documentation,"Direction Générale, Service Juridique",,Service Ressources Humaines,Service Archives & Documentation
filled/doc_051_tmpl3_SRI-2023-0051.pdf,template-3.pdf,No,SRI/2023/0051,24/05/2024,"Optimisation du circuit de traitement du courrier administratif pour
les institutions partenaires.",01 pièce jointe,"Dans le cadre de l'amélioration de notre qualité de service, nous
avons identifié des retards récurrents dans la distribution des plis
destinés aux institutions partenaires. Nous vous sollicitons afin de
réviser les procédures de tri prioritaire pour ces flux spécifiques
dès le mois prochain. Une réunion de coordination est prévue afin
d'harmoniser nos protocoles de remise en main propre. Nous vous
remercions de votre collaboration pour assurer la fluidité de ces
échanges stratégiques.",Service Relations Institutionnelles,Service Courrier & Distribution,"Direction des Opérations, Secrétariat Général",,Service Relations Institutionnelles,Service Courrier & Distribution
filled/doc_052_tmpl1_SVMP-2023-52.pdf,template-1.pdf,No,SVMP/2023/52,24/05/2024,"Mise à jour des supports de communication concernant les nouveaux
délais d'exécution des virements SEPA.",01 pièce jointe,"Suite aux récentes évolutions réglementaires sur l'instantanéité des
paiements, nous vous prions de bien vouloir actualiser les brochures
tarifaires et les notices d'information client. Il est impératif que
la documentation marketing reflète avec précision les nouveaux délais
d'exécution ainsi que les conditions d'éligibilité pour les virements
SEPA instantanés. Vous trouverez en pièce jointe la fiche technique
récapitulative des changements à intégrer avant la fin du mois en
cours. Nous restons à votre entière disposition pour toute précision
nécessaire afin d'assurer une cohérence parfaite entre nos processus
bancaires et vos supports de communication.",Service Virements & Moyens de Paiement,Service Marketing & Communication,"Direction de la Conformité, Direction de la Clientèle",,Service Virements & Moyens de Paiement,Service Marketing & Communication
filled/doc_053_tmpl2_SMC-2023-0053.pdf,template-2.pdf,No,SMC/2023/0053,14/10/2023,"Lancement de la nouvelle campagne promotionnelle sur les produits
d'épargne et mise à jour du kit PLV.",02 pièces jointes,"Dans le cadre de notre stratégie commerciale de fin d'année, nous
lançons une campagne promotionnelle axée sur les produits d'épargne.
Nous vous prions de bien vouloir veiller à ce que l'ensemble des
agences déploie le nouveau kit PLV à compter du 20 octobre prochain.
Les guides d'aide à la vente ainsi que les supports de communication
digitaux sont disponibles en pièce jointe pour diffusion immédiate
auprès de vos conseillers. Nous restons à votre entière disposition
pour tout complément d'information nécessaire au bon déroulement de
cette opération terrain.",Service Marketing & Communication,Département Réseau & Agences,"Direction Commerciale, Direction de la Transformation Digitale",,Service Marketing & Communication,Département Réseau & Agences
filled/doc_054_tmpl3_DSP-2023-0054.pdf,template-3.pdf,No,DSP/2023/0054,14/11/2023,"Audit de conformité des procédures de transfert de fonds et
sécurisation des flux.",02 pièces jointes,"Suite aux récentes irrégularités constatées lors des rapprochements
bancaires, nous vous transmettons le rapport d'audit concernant le
renforcement des protocoles de sécurité sur les flux financiers. Il
est impératif d'ajuster les seuils de validation automatique dans
votre logiciel comptable pour prévenir tout risque de fraude interne.
Nous restons à votre disposition pour organiser une réunion technique
afin de coordonner l'implémentation de ces nouvelles mesures de
contrôle. Veuillez accuser réception de ces documents pour garantir le
suivi des recommandations de sécurité.",Département Sécurité & Prévention,Département Finances & Comptabilité,"Direction Générale, Service Audit Interne",,Département Sécurité & Prévention,Département Finances & Comptabilité
filled/doc_055_tmpl1_DCF-2023-0055.pdf,template-1.pdf,Yes,DCF/2023/0055,14/11/2023,"Note de synthèse concernant l'ajustement du portefeuille de crédits
immobiliers pour le prochain exercice.",01 pièce jointe,"Suite aux récentes fluctuations des taux directeurs, le Département
Crédit & Financement a procédé à une analyse détaillée des risques
liés à notre encours de prêts immobiliers. Nous vous soumettons ci-
joint une proposition de révision des conditions d'octroi pour le
premier trimestre 2024 afin de maintenir notre marge de solvabilité.
Nous préconisons un resserrement des critères de scoring pour les
dossiers à taux variable afin de limiter notre exposition. Nous
restons à votre entière disposition pour discuter des modalités de
mise en œuvre de cette stratégie lors de notre prochain comité de
direction.",Département Crédit & Financement,Direction Générale,"Département Gestion des Risques, Direction Financière",,Département Crédit & Financement,Direction Générale
filled/doc_056_tmpl2_DFC-2023-56.pdf,template-2.pdf,No,DFC/2023/56,14/11/2023,"Réconciliation comptable des ventes de produits philatéliques pour le
troisième trimestre.",01 pièce jointe,"Dans le cadre de la clôture comptable trimestrielle, nous avons
constaté des écarts entre les chiffres de vente déclarés par votre
département et les encaissements enregistrés dans nos livres. Nous
vous prions de bien vouloir examiner le rapprochement ci-joint afin
d'identifier l'origine de ces anomalies. Une régularisation rapide est
nécessaire avant la fin de l'exercice fiscal en cours. Nous restons à
votre entière disposition pour toute clarification technique
nécessaire à la résolution de ce dossier.",Département Finances & Comptabilité,Département Philatélie & Produits Postaux,"Direction Générale, Audit Interne",,Département Finances & Comptabilité,Département Philatélie & Produits Postaux
filled/doc_057_tmpl3_SEPB-2023-0057.pdf,template-3.pdf,Yes,SEPB/2023/0057,14/11/2023,"Réconciliation des intérêts créditeurs sur les comptes d'épargne
logement.",01 pièce jointe,"Dans le cadre de la clôture comptable trimestrielle, nous vous
transmettons l'état récapitulatif des intérêts servis sur les produits
d'épargne logement pour le dernier trimestre. Nous avons constaté des
écarts mineurs entre les provisions comptabilisées et les montants
réellement versés sur les comptes clients. Nous vous prions de bien
vouloir procéder aux régularisations nécessaires avant la fin de la
semaine en cours. Vous trouverez en annexe le détail des transactions
pour faciliter vos écritures de redressement.",Service Épargne & Produits Bancaires,Département Finances & Comptabilité,"Direction des Risques, Direction de l'Audit Interne",,Service Épargne & Produits Bancaires,Département Finances & Comptabilité
filled/doc_058_tmpl1_DIS-2023-0058.pdf,template-1.pdf,No,DIS/2023/0058,14/11/2023,"Communication des journaux d'accès au serveur transactionnel pour la
période du troisième trimestre.",02 pièces jointes,"Faisant suite à votre demande de contrôle interne, nous vous
transmettons en pièces jointes les logs d'accès détaillés du serveur
transactionnel central couvrant la période de juillet à septembre. Ces
fichiers incluent les traces des administrateurs ainsi que les accès
aux bases de données clients conformément aux exigences de conformité
bancaire. Nous restons à votre entière disposition pour toute
assistance technique nécessaire à l'analyse de ces données. Nous
espérons que ces éléments permettront de finaliser votre mission
d'audit dans les délais impartis.",Département Informatique & Systèmes,Département Audit & Inspection,"Direction des Risques, Direction Générale",,Département Informatique & Systèmes,Département Audit & Inspection
filled/doc_059_tmpl2_SMC-2023-0059.pdf,template-2.pdf,No,SMC/2023/0059,14/11/2023,"Transmission des éléments relatifs à la campagne promotionnelle
'Épargne Jeunes'. Nous vous prions de trouver ci-joint les
justificatifs de conformité pour revue interne.",03 pièces jointes,"Conformément à nos échanges récents concernant le contrôle interne des
nouvelles offres bancaires, nous vous transmettons l'ensemble des
documents relatifs à la campagne 'Épargne Jeunes'. Ces supports ont
été élaborés en respectant scrupuleusement les dernières directives de
conformité en vigueur au sein de notre établissement. Nous restons à
votre entière disposition pour tout complément d'information ou pour
planifier une réunion de revue si vous l'estimez nécessaire. Votre
validation nous permettra de lancer le déploiement opérationnel sur
l'ensemble du réseau postal.",Service Marketing & Communication,Département Audit & Inspection,"Direction Générale, Direction de la Conformité",,Service Marketing & Communication,Département Audit & Inspection
filled/doc_060_tmpl3_AUD-2024-0060.pdf,template-3.pdf,No,AUD/2024/0060,14/05/2024,"Audit des procédures de traitement des colis à forte valeur ajoutée en
zone de tri.",01 pièce jointe,"Dans le cadre de notre plan d'audit annuel, nous avons relevé des
écarts de conformité lors du traitement des envois sécurisés au sein
de votre plateforme logistique. Nous vous prions d'examiner le rapport
préliminaire ci-joint afin de clarifier les processus de traçabilité
appliqués durant le dernier trimestre. Votre retour est indispensable
pour valider la mise en place de mesures correctives visant à réduire
les risques de pertes opérationnelles. Une réunion de synthèse est
prévue le 22 mai prochain pour discuter de ces points d'amélioration.",Département Audit & Inspection,Service Colis & Logistique,"Direction des Opérations, Direction de la Sécurité",,Département Audit & Inspection,Service Colis & Logistique
filled/doc_061_tmpl1_AUD-2024-0061.pdf,template-1.pdf,Yes,AUD/2024/0061,14/05/2024,"Conformité des supports de communication pour la campagne d'épargne
estivale.",01 pièce jointe,"Dans le cadre de notre mission de contrôle interne, nous avons examiné
les supports publicitaires prévus pour votre prochaine campagne
promotionnelle. Nous avons relevé certaines irrégularités concernant
les mentions obligatoires liées aux taux d'intérêt et aux frais
bancaires associés. Veuillez intégrer les corrections détaillées dans
le document ci-joint avant toute mise en production. Nous restons à
votre disposition pour valider la conformité finale de vos maquettes.",Département Audit & Inspection,Service Marketing & Communication,Direction Générale,,Département Audit & Inspection,Service Marketing & Communication
filled/doc_062_tmpl2_PHIL-2023-0062.pdf,template-2.pdf,Yes,PHIL/2023/0062,14/10/2023,"Mise à jour du référentiel des tarifs philatéliques dans l'application
de vente.",01 pièce jointe,"Dans le cadre de la prochaine campagne de fin d'année, nous devons
intégrer les nouvelles références de timbres de collection dans le
système informatique central. Nous sollicitons votre intervention pour
mettre à jour la base de données tarifaire et assurer la
synchronisation avec les automates de nos bureaux de poste. Vous
trouverez en pièce jointe la nomenclature détaillée des produits ainsi
que les codes-barres correspondants à paramétrer avant le 30 octobre.
Nous restons à votre disposition pour toute précision technique
nécessaire au déploiement de cette mise à jour.",Département Philatélie & Produits Postaux,Département Informatique & Systèmes,"Direction Commerciale, Service Logistique",,Département Philatélie & Produits Postaux,Département Informatique & Systèmes
filled/doc_063_tmpl3_SRI-2023-063.pdf,template-3.pdf,No,SRI/2023/063,14/11/2023,"Demande d'intégration des nouvelles API de suivi des flux bancaires
sur le portail institutionnel.",02 pièces jointes,"Dans le cadre de la modernisation de nos outils de communication, nous
sollicitons votre expertise pour l'intégration des nouvelles API de
suivi de flux bancaires au sein de notre portail client. Cette mise à
jour est indispensable afin de garantir la transparence des données
transmises à nos partenaires institutionnels. Nous vous remercions de
bien vouloir nous transmettre une estimation des délais de déploiement
en environnement de recette. Nous restons à votre disposition pour
convenir d'une réunion technique dès réception de votre retour.",Service Relations Institutionnelles,Département Informatique & Systèmes,"Direction des Opérations Financières, Direction de la Transformation Digitale",,Service Relations Institutionnelles,Département Informatique & Systèmes
filled/doc_064_tmpl1_DCCI-2023-0064.pdf,template-1.pdf,No,DCCI/2023/0064,14/11/2023,"Renforcement des contrôles sur les virements internationaux vers les
zones à risque.",01 pièce jointe,"Dans le cadre de notre plan de remédiation annuel, nous vous prions de
renforcer la vigilance sur l'ensemble des virements sortants à
destination des juridictions listées dans la note jointe. Il est
impératif que vos agents procèdent à une vérification systématique des
pièces justificatives fournies par les clients avant toute validation.
Nous vous rappelons que tout dossier présentant une anomalie doit être
remonté immédiatement à notre unité de surveillance pour analyse
approfondie. Nous comptons sur votre coopération pour maintenir la
conformité de nos opérations de paiement.",Département Conformité & Contrôle Interne,Service Virements & Moyens de Paiement,"Direction des Risques, Direction Générale",,Département Conformité & Contrôle Interne,Service Virements & Moyens de Paiement
filled/doc_065_tmpl2_SCL-2023-65.pdf,template-2.pdf,Yes,SCL/2023/65,14/11/2023,"Transmission des rapports de conformité relatifs aux écarts
d'inventaire sur le hub logistique Nord.",02 pièces jointes,"Faisant suite à vos récentes demandes de clarification, nous vous
transmettons les relevés détaillés concernant les anomalies
d'inventaire constatées lors du dernier trimestre. Notre service a
procédé à une analyse approfondie des écarts de traitement sur les
colis sensibles, dont les conclusions sont présentées ci-dessous. Nous
restons à votre entière disposition pour toute visite de contrôle sur
site ou pour compléter ces informations si nécessaire. Ces mesures
correctives visent à aligner nos opérations avec les exigences
strictes de votre département.",Service Colis & Logistique,Département Audit & Inspection,"Direction des Opérations, Direction de la Sécurité",,Service Colis & Logistique,Département Audit & Inspection
filled/doc_066_tmpl3_DIS-2024-066.pdf,template-3.pdf,No,DIS/2024/066,22/05/2024,"Mise à jour du protocole de sécurité pour l'accès aux bases de données
clients.",01 pièce jointe,"Dans le cadre du renforcement de notre cybersécurité, le Département
Informatique & Systèmes a finalisé le déploiement du nouveau système
d'authentification forte pour les accès aux bases de données
sensibles. Nous vous prions de bien vouloir examiner la documentation
technique ci-jointe afin de valider sa conformité avec les exigences
réglementaires en vigueur. Cette mise à jour est indispensable pour
garantir l'intégrité et la traçabilité des données bancaires de nos
usagers. Nous restons à votre entière disposition pour organiser une
réunion de revue technique si nécessaire.",Département Informatique & Systèmes,Département Conformité & Contrôle Interne,"Direction de la Sécurité des Systèmes d'Information, Direction Générale",,Département Informatique & Systèmes,Département Conformité & Contrôle Interne
filled/doc_067_tmpl1_SCL-2023-0067.pdf,template-1.pdf,No,SCL/2023/0067,24/05/2024,"Mise à jour du calendrier de déploiement des nouveaux points de
retrait automatisés dans les zones urbaines.",01 pièce jointe,"Dans le cadre de notre stratégie d'expansion logistique, nous avons
finalisé la cartographie des futurs emplacements pour nos consignes
automatiques en centre-ville. Je vous prie de bien vouloir examiner
cette planification afin de préparer les dossiers de communication
institutionnelle destinés aux municipalités concernées. Il est
impératif d'aligner nos calendriers pour anticiper les éventuelles
contraintes liées à l'occupation du domaine public. Nous restons à
votre entière disposition pour toute précision nécessaire concernant
le volet opérationnel de ce déploiement.",Service Colis & Logistique,Service Relations Institutionnelles,"Direction Générale, Service Juridique",,Service Colis & Logistique,Service Relations Institutionnelles
filled/doc_068_tmpl2_SRH-2023-068.pdf,template-2.pdf,No,SRH/2023/068,14/11/2023,"Renforcement des mesures de contrôle d'accès pour les nouveaux
collaborateurs du siège.",01 pièce jointe,"Dans le cadre de l'intégration de la nouvelle promotion de conseillers
financiers, nous sollicitons votre intervention pour l'activation de
leurs badges d'accès permanents aux zones sécurisées du bâtiment B. Il
est impératif que ces accès soient opérationnels dès le lundi prochain
pour permettre une prise de fonction optimale. Nous vous transmettons
en pièce jointe la liste nominative ainsi que les habilitations
spécifiques requises pour chaque poste concerné. Nous vous remercions
par avance de votre collaboration habituelle pour garantir la
conformité de ces accès.",Service Ressources Humaines,Département Sécurité & Prévention,"Direction des Systèmes d'Information, Direction Générale",,Service Ressources Humaines,Département Sécurité & Prévention
filled/doc_069_tmpl3_DRA-2023-0069.pdf,template-3.pdf,No,DRA/2023/0069,14/11/2023,"Harmonisation des procédures de souscription aux livrets d'épargne
réglementés en agence.",01 pièce jointe,"Suite aux remontées terrain, nous constatons des divergences dans
l'application des nouveaux protocoles de vérification des
justificatifs de domicile lors de l'ouverture de livrets A. Il
apparaît nécessaire de clarifier les points de contrôle pour garantir
la conformité réglementaire de nos opérations en bureau de poste. Nous
vous prions de bien vouloir valider la procédure simplifiée jointe
afin que nous puissions diffuser une note opérationnelle homogène à
l'ensemble de notre réseau d'agences d'ici la fin du mois. Votre
expertise sur les produits bancaires est indispensable pour sécuriser
ce déploiement.",Département Réseau & Agences,Service Épargne & Produits Bancaires,"Direction de la Conformité, Direction des Opérations Financières",,Département Réseau & Agences,Service Épargne & Produits Bancaires
filled/doc_070_tmpl1_RH-2023-0070.pdf,template-1.pdf,No,RH/2023/0070,24/05/2024,"Mise à jour des coordonnées bancaires des collaborateurs pour la
campagne de paie de juin.",01 pièce jointe,"Dans le cadre de la clôture des opérations comptables de fin de
semestre, nous vous prions de bien vouloir finaliser la mise à jour
des coordonnées bancaires des nouveaux collaborateurs recrutés en mai.
Il est impératif que ces informations soient intégrées dans votre
système avant le 30 du mois en cours afin de garantir le paiement des
salaires dans les délais impartis. Nous vous remercions de votre
collaboration habituelle pour assurer la fluidité de ces transactions.",Service Ressources Humaines,Service Virements & Moyens de Paiement,"Direction Financière, Service Comptabilité",,Service Ressources Humaines,Service Virements & Moyens de Paiement
filled/doc_071_tmpl2_DRA-CCI-2024-071.pdf,template-2.pdf,Yes,DRA/CCI/2024/071,14/05/2024,"Remise à niveau des procédures de contrôle interne et audit des
ouvertures de comptes",01 pièce jointe,"Dans le cadre du renforcement de notre dispositif de lutte contre le
blanchiment, nous sollicitons votre expertise pour auditer nos
procédures d'ouverture de comptes en agence. Suite aux récentes
inspections, plusieurs irrégularités mineures ont été relevées dans la
constitution des dossiers clients de la zone Nord. Nous souhaitons
établir un plan de mise en conformité immédiat afin de garantir le
respect des directives réglementaires en vigueur. Un calendrier
d'intervention est proposé ci-dessous pour le déploiement de ces
mesures correctives.",Département Réseau & Agences,Département Conformité & Contrôle Interne,"Direction Générale, Direction des Risques",,Département Réseau & Agences,Département Conformité & Contrôle Interne
filled/doc_072_tmpl3_SMC-2023-0072.pdf,template-3.pdf,Yes,SMC/2023/0072,14/11/2023,"Coordination pour la campagne de communication institutionnelle sur
l'inclusion financière.",01 pièce jointe,"Dans le cadre du déploiement de notre nouvelle stratégie d'inclusion
bancaire, le département Marketing a finalisé les supports de
communication grand public. Nous sollicitons votre expertise pour
valider la conformité des messages avec les engagements
institutionnels de notre établissement auprès des pouvoirs publics.
Vous trouverez en annexe le calendrier prévisionnel des publications
pour votre analyse préalable. Nous restons à votre entière disposition
pour une réunion de coordination avant le lancement officiel.",Service Marketing & Communication,Service Relations Institutionnelles,"Direction Générale, Direction de la Conformité",,Service Marketing & Communication,Service Relations Institutionnelles
filled/doc_073_tmpl1_SRI-2024-0073.pdf,template-1.pdf,No,SRI/2024/0073,14/05/2024,"Coordination pour la mise en place du plan de formation inter-
institutionnel.",01 pièce jointe,"Dans le cadre du renforcement de nos partenariats stratégiques, nous
souhaitons définir les modalités d'intégration de nos cadres aux
nouveaux programmes de formation. Nous vous prions de bien vouloir
examiner la liste des collaborateurs identifiés en pièce jointe afin
d'évaluer la faisabilité opérationnelle de leur détachement. Cette
collaboration est essentielle pour assurer l'alignement de nos
compétences internes avec les exigences réglementaires bancaires
actuelles. Nous restons à votre entière disposition pour convenir d'un
entretien technique afin de finaliser le planning prévisionnel.",Service Relations Institutionnelles,Service Ressources Humaines,"Direction Générale, Service Juridique",,Service Relations Institutionnelles,Service Ressources Humaines
filled/doc_074_tmpl2_DCCI-2023-0074.pdf,template-2.pdf,Yes,DCCI/2023/0074,14/05/2024,"Signalement d'opérations atypiques et demande d'avis juridique sur le
gel des avoirs.",02 pièces jointes,"Suite à nos contrôles de premier niveau, nous avons identifié
plusieurs transactions suspectes sur les comptes liés aux dossiers
référencés dans le tableau ci-joint. Compte tenu des incohérences
relevées au regard des profils KYC, nous sollicitons votre analyse
juridique afin de déterminer si les conditions de gel des avoirs sont
réunies. Nous vous saurions gré de bien vouloir nous confirmer la
procédure à suivre pour la déclaration de soupçon auprès de TRACFIN.
Vos recommandations nous permettront de sécuriser notre position
réglementaire face à ces risques de blanchiment de capitaux.",Département Conformité & Contrôle Interne,Service Juridique & Contentieux,"Direction Générale, Service Gestion des Risques",,Département Conformité & Contrôle Interne,Service Juridique & Contentieux
filled/doc_075_tmpl3_SCL-2023-75.pdf,template-3.pdf,Yes,SCL/2023/75,24/05/2024,"Optimisation des capacités logistiques pour la période de forte
activité estivale.",01 pièce jointe,"Suite à l'analyse des flux de colis prévisionnels, notre service
identifie un besoin critique de renforcement des capacités de
traitement dans les centres de tri régionaux. Nous sollicitons votre
validation pour l'allocation budgétaire supplémentaire destinée à la
location de surfaces de stockage temporaires et à l'embauche de
personnel vacataire. Cette mesure est indispensable pour garantir le
respect des délais de livraison conformément à nos engagements de
qualité de service. Vous trouverez le détail des projections
opérationnelles et les coûts associés dans le document joint.",Service Colis & Logistique,Direction Générale,"Direction Financière, Direction des Ressources Humaines",,Service Colis & Logistique,Direction Générale
filled/doc_076_tmpl1_DFC-2024-76.pdf,template-1.pdf,Yes,DFC/2024/76,22/05/2024,"Validation du budget prévisionnel pour les formations certifiantes
2024.",01 pièce jointe,"Dans le cadre de l'optimisation de nos ressources, nous avons examiné
le plan de développement des compétences soumis par vos services.
Après analyse, nous confirmons que le budget alloué pour les sessions
de formation en conformité bancaire et gestion financière est validé
pour l'exercice en cours. Nous vous invitons à consulter le détail des
enveloppes budgétaires par centre de coût joint à cette note afin
d'assurer le suivi comptable. Nous restons à votre entière disposition
pour tout complément d'information relatif à l'exécution de ces
crédits.",Département Finances & Comptabilité,Département Formation & Développement,"Direction Générale, Département des Ressources Humaines",,Département Finances & Comptabilité,Département Formation & Développement
filled/doc_077_tmpl2_SMC-2023-077.pdf,template-2.pdf,No,SMC/2023/077,24/05/2024,"Validation de conformité pour la nouvelle campagne publicitaire du
produit d'épargne Jeunes.",02 pièces jointes,"Nous vous prions de bien vouloir examiner les supports de
communication relatifs à notre future campagne de promotion du livret
d'épargne Jeunes. Cette documentation inclut les nouvelles mentions
légales ainsi que le script du spot radio prévu pour le lancement du
mois prochain. Nous sollicitons votre avis formel afin de nous assurer
que le contenu respecte scrupuleusement les dernières directives
réglementaires en vigueur. Nous restons à votre entière disposition
pour tout complément d'information ou ajustement nécessaire suite à
votre analyse.",Service Marketing & Communication,Département Conformité & Contrôle Interne,"Direction Commerciale, Direction Juridique",,Service Marketing & Communication,Département Conformité & Contrôle Interne
filled/doc_078_tmpl3_DRA-2023-078.pdf,template-3.pdf,No,DRA/2023/078,14/05/2024,"Note de synthèse concernant l'optimisation des flux monétiques dans le
réseau des agences.",01 pièce jointe,"Le Département Réseau & Agences a finalisé l'audit relatif au
déploiement des nouveaux terminaux de paiement au sein des agences
prioritaires. Les données collectées démontrent une amélioration
significative de la fluidité des opérations de retrait et une
réduction des temps d'attente aux guichets. Nous sollicitons votre
validation pour étendre cette phase de modernisation à l'ensemble du
territoire national dès le prochain trimestre. Cette initiative
s'inscrit pleinement dans notre stratégie d'amélioration de la qualité
de service client.",Département Réseau & Agences,Direction Générale,"Direction des Systèmes d'Information, Direction Financière",,Département Réseau & Agences,Direction Générale
filled/doc_079_tmpl1_AUD-2023-79.pdf,template-1.pdf,No,AUD/2023/79,24/05/2024,"Demande d'extraction de journaux d'accès pour l'audit de sécurité des
accès distants.",01 pièce jointe,"Dans le cadre de notre mission d'audit annuel portant sur la
robustesse du périmètre informatique, nous sollicitons l'extraction
des logs de connexions VPN du mois d'avril. Ces données permettront de
vérifier la conformité des accès distants avec notre politique de
sécurité interne en vigueur. Nous vous prions de bien vouloir
transmettre ces fichiers au format chiffré via notre espace sécurisé
d'ici le 31 mai prochain. Nous restons à votre entière disposition
pour toute précision technique relative à cette requête.",Département Audit & Inspection,Département Informatique & Systèmes,"Direction des Risques, Direction Générale",,Département Audit & Inspection,Département Informatique & Systèmes
filled/doc_080_tmpl2_DG-2024-0080.pdf,template-2.pdf,No,DG/2024/0080,22/05/2024,"Optimisation des procédures d'octroi de crédits immobiliers pour le
troisième trimestre.",02 pièces jointes,"Dans le cadre de notre stratégie annuelle, nous souhaitons simplifier
les processus d'instruction des dossiers de financement pour améliorer
nos délais de traitement. Je vous demande d'analyser les indicateurs
de performance du dernier trimestre afin d'identifier les goulots
d'étranglement administratifs. Vos recommandations devront être
transmises à la Direction Générale avant le 15 juin prochain pour
arbitrage. Cette démarche est essentielle pour consolider notre
position concurrentielle sur le segment des prêts aux particuliers.",Direction Générale,Département Crédit & Financement,"Département Risques, Direction des Opérations",,Direction Générale,Département Crédit & Financement
filled/doc_081_tmpl3_DFC-2023-81.pdf,template-3.pdf,No,DFC/2023/81,24/05/2023,Ajustement budgétaire pour le plan de formation continue 2023.,01 pièce jointe,"Dans le cadre de l'exécution de notre budget annuel, nous avons
procédé à une réallocation de fonds permettant d'intégrer le nouveau
volet de formation sur les outils bancaires numériques. Nous vous
prions de bien vouloir consulter le tableau des crédits désormais
disponibles pour le second semestre. Nous restons à votre entière
disposition pour valider les prochaines sessions prévues avec les
prestataires externes.",Département Finances & Comptabilité,Département Formation & Développement,Direction Générale,,Département Finances & Comptabilité,Département Formation & Développement
filled/doc_082_tmpl1_DPPP-2024-0082.pdf,template-1.pdf,Yes,DPPP/2024/0082,14/05/2024,Demande de recrutement pour un expert en conception philatélique.,01 pièce jointe,"Dans le cadre du lancement de notre programme d'émissions spéciales
pour l'année 2025, nous sollicitons le recrutement d'un chargé de
conception graphique possédant une expertise en impression sécurisée.
Le volume actuel d'activités ne permet plus à l'équipe en place de
respecter les délais stricts de validation des maquettes. Vous
trouverez en pièce jointe la fiche de poste détaillée ainsi que les
compétences spécifiques requises pour ce profil. Nous restons à votre
entière disposition pour organiser un entretien technique afin de
définir les priorités de cette embauche.",Département Philatélie & Produits Postaux,Service Ressources Humaines,"Direction Générale, Département Logistique",,Département Philatélie & Produits Postaux,Service Ressources Humaines
filled/doc_083_tmpl2_SAP-2023-0083.pdf,template-2.pdf,Yes,SAP/2023/0083,14/11/2023,"Demande de sécurisation des accès aux archives confidentielles et
audit des flux d'entrée.",01 pièce jointe,"Dans le cadre de notre mise en conformité annuelle, nous avons
constaté des irrégularités dans le registre des entrées du dépôt
central. Afin de garantir l'intégrité des dossiers bancaires
sensibles, nous sollicitons une inspection de vos équipes pour
renforcer le contrôle des accès biométriques. Vous trouverez ci-joint
la liste des zones critiques nécessitant une attention particulière
pour le prochain trimestre. Nous restons à votre disposition pour
convenir d'une visite sur site dans les plus brefs délais.",Service Archives & Documentation,Département Sécurité & Prévention,"Direction des Risques, Direction Juridique",,Service Archives & Documentation,Département Sécurité & Prévention
filled/doc_084_tmpl3_SEPB-2024-0084.pdf,template-3.pdf,Yes,SEPB/2024/0084,24/05/2024,"Mise à jour des conditions tarifaires des produits d'épargne
réglementée et alignement institutionnel.",01 pièce jointe,"Suite à l'évolution récente des taux directeurs, notre service a
finalisé le nouveau barème de rémunération des livrets d'épargne. Nous
vous transmettons ce projet afin que vous puissiez anticiper la
communication auprès de nos partenaires institutionnels et des
instances de régulation. Ce document détaille les ajustements
nécessaires pour maintenir notre conformité aux exigences
prudentielles en vigueur. Nous restons à votre disposition pour toute
précision technique avant la transmission officielle aux autorités
compétentes.",Service Épargne & Produits Bancaires,Service Relations Institutionnelles,"Direction de la Conformité, Direction Financière",,Service Épargne & Produits Bancaires,Service Relations Institutionnelles
filled/doc_085_tmpl1_SVMP-2023-0085.pdf,template-1.pdf,No,SVMP/2023/0085,24/05/2024,"Coordination logistique pour la sécurisation des envois de cartes
bancaires et chéquiers.",01 pièce jointe,"Dans le cadre du renforcement de nos procédures de sécurité, nous
avons identifié une augmentation des anomalies sur les livraisons de
moyens de paiement sensibles. Nous souhaiterions convenir d'une
réunion afin d'harmoniser le suivi de traçabilité entre vos
plateformes de tri et nos services financiers. Cette collaboration est
essentielle pour réduire les risques de détournement lors du dernier
kilomètre. Vous trouverez en pièce jointe le rapport détaillé des
incidents constatés au cours du dernier trimestre.",Service Virements & Moyens de Paiement,Service Colis & Logistique,"Direction de la Sécurité, Service Clientèle",,Service Virements & Moyens de Paiement,Service Colis & Logistique
filled/doc_086_tmpl2_SCD-2023-86.pdf,template-2.pdf,Yes,SCD/2023/86,24/05/2024,"Optimisation de la distribution du courrier recommandé et gestion des
instances en guichet.",01 pièce jointe,"Nous avons constaté une augmentation des délais de retrait pour les
plis recommandés au sein de votre agence. Afin de fluidifier le
parcours client, nous vous prions de bien vouloir mettre à jour le
registre des instances en attente selon le fichier transmis en annexe.
Nous restons à votre entière disposition pour coordonner une
réorganisation des flux de distribution quotidienne. Merci de nous
confirmer la bonne réception de ces consignes dès que possible.",Service Courrier & Distribution,Service Guichet & Relations Clientèle,"Direction Régionale des Opérations, Service Qualité",,Service Courrier & Distribution,Service Guichet & Relations Clientèle
filled/doc_087_tmpl3_SJC-2023-087.pdf,template-3.pdf,No,SJC/2023/087,24/05/2024,"Procédure de traitement des oppositions sur comptes bancaires et
saisies-attributions.",01 pièce jointe,"Suite à une recrudescence des irrégularités constatées lors de la mise
en œuvre des saisies-attributions, nous vous prions de bien vouloir
appliquer avec une rigueur accrue les nouvelles directives de blocage
des comptes. Il est impératif que vos agents au guichet vérifient
systématiquement la conformité des actes notifiés avant toute
exécution de virement au profit des créanciers. Nous vous rappelons
que tout manquement dans la gestion de ces procédures expose
l'institution à des risques juridiques et financiers importants. Une
séance de sensibilisation sera organisée le mois prochain afin de
clarifier les points de blocage opérationnels rencontrés sur le
terrain.",Service Juridique & Contentieux,Service Guichet & Relations Clientèle,"Direction des Risques, Direction Générale",,Service Juridique & Contentieux,Service Guichet & Relations Clientèle
filled/doc_088_tmpl1_SG-RC-2023-0088.pdf,template-1.pdf,No,SG-RC/2023/0088,24/05/2024,"Demande de régularisation pour rejet de virement international
inexpliqué.",01 pièce jointe,"Nous vous sollicitons concernant le dossier du client Monsieur Martin,
dont le virement international émis le 20 mai dernier a été rejeté
sans motif apparent par vos services. Après vérification auprès de
l'intéressé, toutes les coordonnées bancaires transmises lors de
l'enregistrement au guichet semblent conformes aux exigences
réglementaires. Nous vous prions de bien vouloir examiner ce dossier
afin de confirmer l'origine du blocage et de permettre une nouvelle
tentative d'exécution dans les plus brefs délais. Nous restons à votre
entière disposition pour toute information complémentaire nécessaire
au traitement de cette requête.",Service Guichet & Relations Clientèle,Service Virements & Moyens de Paiement,"Direction Conformité, Service Relations Agences",,Service Guichet & Relations Clientèle,Service Virements & Moyens de Paiement
filled/doc_089_tmpl2_SCD-2023-89.pdf,template-2.pdf,No,SCD/2023/89,24/05/2024,"Transmission des dossiers de demande de prêt reçus par courrier
prioritaire. Veuillez procéder à l'instruction des dossiers joints.",04 pièces jointes,"Nous vous prions de trouver ci-joint les quatre dossiers de demande de
crédit déposés ce matin au guichet principal. Ces documents ont été
préalablement vérifiés par nos services afin de garantir la complétude
des pièces justificatives obligatoires. Nous vous saurions gré de bien
vouloir accuser réception de cet envoi et de nous notifier toute
anomalie constatée lors de leur traitement. Le suivi de ces plis est
désormais sous votre responsabilité pour la suite des démarches
administratives.",Service Courrier & Distribution,Département Crédit & Financement,"Direction des Opérations Bancaires, Service Conformité",,Service Courrier & Distribution,Département Crédit & Financement
filled/doc_090_tmpl3_SCL-2023-0090.pdf,template-3.pdf,No,SCL/2023/0090,14/05/2024,"Demande de renforts temporaires pour la période de forte activité
logistique.",01 pièce jointe,"Dans le cadre de l'augmentation saisonnière des flux de colis prévue
pour le prochain trimestre, notre service nécessite le recrutement de
quatre agents de tri temporaires. Nous vous prions de bien vouloir
lancer les procédures de sélection afin que ces renforts soient
opérationnels dès le 1er juin prochain. Vous trouverez en annexe la
fiche de poste détaillée listant les compétences techniques et les
habilitations de sécurité requises pour ce déploiement. Nous restons à
votre entière disposition pour convenir d'un entretien afin d'ajuster
les modalités de ce plan de recrutement.",Service Colis & Logistique,Service Ressources Humaines,Direction des Opérations,,Service Colis & Logistique,Service Ressources Humaines
filled/doc_091_tmpl1_SGRC-2023-0091.pdf,template-1.pdf,No,SGRC/2023/0091,24/05/2024,"Signalement des difficultés rencontrées lors de la mise en œuvre de la
nouvelle tarification des services postaux.",01 pièce jointe,"Nous vous informons que nos agences font face à une augmentation
significative des réclamations clients suite à l'entrée en vigueur de
la nouvelle grille tarifaire. Il semble que les supports de
communication institutionnelle ne soient pas suffisamment explicites
pour le grand public, générant des tensions au guichet. Nous
sollicitons votre expertise pour réviser les éléments de langage
destinés à nos collaborateurs en première ligne afin d'harmoniser
notre discours auprès des usagers. Une réunion de coordination nous
permettrait d'ajuster notre stratégie de réponse face à ces
incompréhensions persistantes.",Service Guichet & Relations Clientèle,À l'attention du Directeur du Service Relations Institutionnelles,"Direction Générale, Direction Commerciale",,Service Guichet & Relations Clientèle,Service Relations Institutionnelles
filled/doc_092_tmpl2_SMC-2024-92.pdf,template-2.pdf,No,SMC/2024/92,24/05/2024,"Demande de versement des archives liées à la campagne publicitaire
2023.",01 pièce jointe,"Dans le cadre de notre procédure annuelle de gestion documentaire,
notre service souhaite transférer l'intégralité des supports de
communication de la campagne institutionnelle 2023 vers vos fonds.
Nous vous prions de bien vouloir valider la liste détaillée des
documents physiques et numériques transmise en annexe afin d'organiser
le transfert sécurisé. Nous restons à votre disposition pour convenir
d'un calendrier de versement qui n'entrave pas le bon fonctionnement
de vos services. Nous vous remercions par avance pour votre
collaboration habituelle dans la préservation de notre mémoire
d'entreprise.",Service Marketing & Communication,À l'attention de la Direction du Service Archives & Documentation,"Direction Générale, Service Juridique",,Service Marketing & Communication,Service Archives & Documentation
filled/doc_093_tmpl3_RH-2023-0093.pdf,template-3.pdf,No,RH/2023/0093,24/05/2024,"Mise à jour du protocole d'accès aux locaux et sensibilisation des
nouveaux collaborateurs.",01 pièce jointe,"Dans le cadre de l'intégration de la nouvelle promotion de conseillers
financiers, nous sollicitons votre expertise pour organiser une séance
de sensibilisation sur les procédures de sécurité et de contrôle
d'accès. Il est impératif que ces collaborateurs soient formés aux
protocoles en vigueur afin de garantir la sûreté des actifs et des
données de notre institution. Nous vous transmettons en annexe la
liste nominative des agents concernés ainsi que leurs dates
d'affectation prévisionnelles. Nous restons à votre entière
disposition pour convenir d'un créneau adapté à votre calendrier
opérationnel.",Service Ressources Humaines,À l'attention du Directeur du Département Sécurité & Prévention,"Direction Générale, Service Logistique",,Service Ressources Humaines,Département Sécurité & Prévention
filled/doc_094_tmpl1_DAI-2023-0094.pdf,template-1.pdf,No,DAI/2023/0094,14/11/2023,"Audit des procédures de traitement et de sécurisation du courrier
recommandé.",01 pièce jointe,"Dans le cadre de notre mission annuelle de contrôle interne, nous
avons relevé certaines anomalies relatives à la traçabilité des plis
recommandés au sein de votre centre de tri. Nous vous prions de bien
vouloir examiner les écarts constatés dans le rapport d'audit annexé
et de nous transmettre un plan d'action correctif sous huitaine. Cette
démarche vise à garantir la conformité de nos protocoles de
distribution avec les exigences réglementaires bancaires en vigueur.
Nous restons à votre entière disposition pour toute précision
complémentaire concernant ces observations.",Département Audit & Inspection,,"Direction Générale, Service Juridique",,Département Audit & Inspection,Service Courrier & Distribution
filled/doc_095_tmpl2_DFD-2024-95.pdf,template-2.pdf,No,DFD/2024/95,22/05/2024,"Organisation de la session de formation sur la nouvelle réglementation
des virements SEPA Instantané.",01 pièce jointe,"Dans le cadre de la mise à jour des procédures bancaires, nous
organisons une session de formation dédiée aux évolutions des
virements SEPA Instantané pour vos collaborateurs. Nous vous prions de
bien vouloir identifier les membres de votre équipe devant
impérativement participer à ce module technique. Le calendrier
prévisionnel des sessions est joint à ce courrier afin de vous
permettre d'ajuster vos plannings opérationnels. Nous restons à votre
entière disposition pour toute adaptation spécifique liée aux
contraintes de votre service.",Département Formation & Développement,À l'attention du Responsable du Service Virements & Moyens de Paiement,"Direction des Opérations Bancaires, Direction des Ressources Humaines",,Département Formation & Développement,Service Virements & Moyens de Paiement
filled/doc_096_tmpl3_SRI-2023-096.pdf,template-3.pdf,Yes,SRI/2023/096,14/11/2023,"Validation du calendrier de parution des émissions philatéliques
commémoratives pour le premier semestre 2024.",02 pièces jointes,"Dans le cadre de notre stratégie de valorisation de l'image
institutionnelle, je vous prie de bien vouloir examiner les
thématiques retenues pour les prochaines émissions philatéliques. Il
est essentiel que le calendrier de parution s'aligne avec les
célébrations nationales prévues au premier semestre 2024. Nous restons
à votre entière disposition pour ajuster les visuels en fonction des
contraintes techniques de vos ateliers de production. Merci de nous
faire part de vos éventuelles observations avant le 25 novembre
prochain.",Service Relations Institutionnelles,À l'attention du Directeur du Département Philatélie & Produits Postaux,"Direction de la Communication, Secrétariat Général",,Service Relations Institutionnelles,Département Philatélie & Produits Postaux
filled/doc_097_tmpl1_DSP-2023-0097.pdf,template-1.pdf,No,DSP/2023/0097,24/05/2024,"Renforcement des protocoles de sécurité pour l'acheminement des plis
sensibles.",01 pièce jointe,"Dans le cadre de la mise à jour annuelle de nos procédures, nous vous
prions de bien vouloir sensibiliser vos équipes aux nouvelles
directives de contrôle des plis recommandés contenant des instruments
financiers. Ces mesures visent à limiter les risques de perte ou de
fraude lors des phases de tri et de distribution finale. Nous vous
remercions de nous confirmer la bonne réception de la note technique
ci-jointe et sa diffusion auprès des agents de terrain. Votre
collaboration est essentielle pour garantir l'intégrité de notre
chaîne logistique.",Département Sécurité & Prévention,À l'attention du Responsable du Service Courrier & Distribution,"Direction des Opérations, Audit Interne",,Département Sécurité & Prévention,Service Courrier & Distribution
filled/doc_098_tmpl2_DFC-2023-098.pdf,template-2.pdf,Yes,DFC/2023/098,14/11/2023,"Demande de versement et archivage des pièces comptables de l'exercice
2022.",01 pièce jointe,"Dans le cadre de la clôture annuelle, le Département Finances &
Comptabilité souhaite procéder au versement définitif des dossiers
comptables relatifs à l'exercice 2022. Nous vous prions de bien
vouloir organiser la collecte des boîtes d'archives numérotées selon
l'inventaire ci-joint afin de libérer nos espaces de stockage
temporaires. Nous restons à votre disposition pour convenir d'un
calendrier de transfert sécurisé respectant nos procédures internes.
Veuillez accuser réception de cette demande pour le lancement des
opérations de conservation.",Département Finances & Comptabilité,À l'attention du Responsable du Service Archives & Documentation,"Direction Générale, Service Audit Interne",,Département Finances & Comptabilité,Service Archives & Documentation
filled/doc_099_tmpl3_DG-2024-0099.pdf,template-3.pdf,Yes,DG/2024/0099,24/05/2024,"Optimisation des circuits de distribution et mise à jour du plan de
tournée annuel.",01 pièce jointe,"Dans le cadre de notre stratégie d'optimisation des flux logistiques,
nous procédons à une refonte des itinéraires de distribution pour le
prochain trimestre. Votre service est invité à analyser le nouveau
découpage géographique afin d'assurer une meilleure couverture des
zones rurales tout en réduisant nos délais de traitement. Nous vous
prions de bien vouloir étudier la faisabilité technique de ces
ajustements et de nous transmettre vos observations avant la fin de la
semaine. Votre coopération est essentielle pour garantir la qualité de
service attendue par nos clients bancaires et postaux.",Direction Générale,À l'attention du Responsable du Service Courrier & Distribution,"Direction des Opérations Logistiques, Direction Financière",,Direction Générale,Service Courrier & Distribution
filled/doc_100_tmpl1_DG-2024-0100.pdf,template-1.pdf,Yes,DG/2024/0100,24/05/2024,"Révision des critères d'octroi de crédits immobiliers pour le
troisième trimestre.",01 pièce jointe,"Dans le cadre de notre nouvelle stratégie de maîtrise des risques, la
Direction Générale vous demande de procéder à un ajustement des
conditions d'octroi pour les prêts immobiliers. Il est impératif
d'intégrer les nouveaux ratios de solvabilité détaillés dans la note
technique ci-jointe dès le 1er juin prochain. Nous comptons sur votre
expertise pour assurer la mise en conformité immédiate de vos
processus d'instruction. Un point de suivi sera organisé la semaine
prochaine pour valider le déploiement opérationnel de ces directives.",Direction Générale,À l'attention du Directeur du Département Crédit & Financement,"Direction des Risques, Direction de la Conformité",,Direction Générale,Département Crédit & Financement
filled/doc_101_tmpl2_DSP-DFC-2023-101.pdf,template-2.pdf,No,DSP/DFC/2023/101,24/05/2024,"Validation du budget prévisionnel pour la mise à jour des dispositifs
de sécurité des agences.",02 pièces jointes,"Suite à l'audit réalisé le mois dernier, nous sollicitons le déblocage
des fonds nécessaires au renforcement des systèmes de
vidéosurveillance et au remplacement des coffres-forts obsolètes dans
nos agences régionales. Le devis détaillé ainsi que le rapport
d'expertise technique sont joints à ce courrier pour examen par vos
services comptables. Nous restons à votre entière disposition pour
toute précision budgétaire ou justification supplémentaire relative à
ces investissements sécuritaires. La mise en œuvre rapide de ces
mesures est indispensable pour garantir la conformité aux normes de
protection en vigueur.",Département Sécurité & Prévention,À l'attention du Département Finances & Comptabilité,"Direction Générale, Service Juridique",,Département Sécurité & Prévention,Département Finances & Comptabilité
filled/doc_102_tmpl3_DSP-SJ-2023-102.pdf,template-3.pdf,No,DSP/SJ/2023/102,14/11/2023,"Transmission de rapport d'incident relatif à la tentative de fraude
par usurpation d'identité sur le compte n°4589-B.",02 pièces jointes,"Suite aux investigations menées par nos services, nous avons identifié
une tentative de fraude sophistiquée visant plusieurs comptes clients
via notre interface bancaire en ligne. Nous vous transmettons ci-joint
les preuves numériques recueillies, ainsi que les journaux d'accès
afin d'appuyer le dépôt de plainte que nous préconisons. Nous vous
saurions gré de bien vouloir examiner la conformité de ces éléments
avec les procédures en vigueur avant toute action judiciaire. Votre
retour sur la stratégie de défense à adopter nous permettra de
finaliser la clôture interne de ce dossier.",Département Sécurité & Prévention,À l'attention du Service Juridique & Contentieux,"Direction Générale, Direction des Risques",,Département Sécurité & Prévention,Service Juridique & Contentieux
filled/doc_103_tmpl1_SGRC-SCD-2023-103.pdf,template-1.pdf,No,SGRC/SCD/2023/103,14/10/2023,"Optimisation de la distribution du courrier recommandé et des colis en
agence.",01 pièce jointe,"Dans le cadre de l'amélioration de notre qualité de service, nous
avons constaté des retards récurrents dans l'acheminement des plis
recommandés vers nos guichets de proximité. Nous vous prions de bien
vouloir revoir les circuits de distribution actuels afin de garantir
une mise à disposition sous 24 heures pour nos clients. Vous trouverez
en pièce jointe le relevé statistique des anomalies constatées sur le
dernier trimestre pour analyse. Nous restons à votre entière
disposition pour convenir d'une réunion de coordination afin de
fluidifier nos processus opérationnels.",Service Guichet & Relations Clientèle,,"Direction des Opérations Logistiques, Direction de la Qualité",,Service Guichet & Relations Clientèle,Service Courrier & Distribution
filled/doc_104_tmpl2_SCD-DG-2023-104.pdf,template-2.pdf,No,SCD/DG/2023/104,24/05/2023,"Optimisation des flux de distribution du courrier sensible et
sécurisation des plis bancaires.",01 pièce jointe,"Suite à l'audit récent de nos processus, nous avons identifié des
goulots d'étranglement dans le traitement du courrier prioritaire
destiné à la Direction Générale. Afin d'améliorer la célérité et la
confidentialité des échanges, nous proposons la mise en place d'un
protocole de remise en main propre sécurisé pour tous les plis
confidentiels. Nous sollicitons votre accord pour déployer cette
nouvelle procédure dès le mois prochain afin de garantir une meilleure
traçabilité des documents sensibles. Nous restons à votre entière
disposition pour discuter des ajustements logistiques nécessaires à
cette transition.",Service Courrier & Distribution,À l'attention de la Direction Générale,"Direction de la Sécurité Interne, Direction des Opérations",,Service Courrier & Distribution,Direction Générale
filled/doc_105_tmpl3_DGAP-DG-2023-0105.pdf,template-3.pdf,Yes,DGAP/DG/2023/0105,12/10/2023,"Lancement de la campagne de communication pour les nouveaux produits
d'épargne monétique.",01 pièce jointe,"Dans le cadre de notre plan stratégique annuel, la Direction Générale
valide le lancement de la nouvelle gamme de livrets d'épargne destinés
à notre clientèle jeune. Nous vous prions d'élaborer une stratégie de
communication multi-canal pour promouvoir ces services sur l'ensemble
de notre réseau postal et bancaire. Veuillez coordonner vos actions
avec la Direction Financière afin d'assurer la cohérence des taux
d'intérêt affichés. Nous attendons un premier projet de plan média
pour le 25 du mois courant.",Direction Générale,À l'attention du Responsable du Service Marketing & Communication,"Direction Financière, Direction du Réseau",,Direction Générale,Service Marketing & Communication
filled/doc_106_tmpl1_SJC-106-2024.pdf,template-1.pdf,No,SJC/106/2024,24/05/2024,"Blocage conservatoire et demande d'exécution de saisie-attribution sur
le compte n° 4589201.",01 pièce jointe,"Suite à la signification d'un acte de saisie-attribution concernant le
client M. Martin, nous vous prions de procéder au blocage immédiat des
fonds disponibles sur le compte courant susmentionné. Conformément aux
dispositions légales, le solde indisponible doit être consigné dans
l'attente de la levée de l'acte par l'huissier de justice mandaté.
Merci de nous confirmer par retour de courrier la réalisation
effective de cette opération et de nous communiquer le montant du
solde saisi.",Service Juridique & Contentieux,À l'attention du Service Virements & Moyens de Paiement,"Direction de la Conformité, Direction de l'Audit Interne",,Service Juridique & Contentieux,Service Virements & Moyens de Paiement
filled/doc_107_tmpl2_DGAP-107-2024.pdf,template-2.pdf,No,DGAP/107/2024,14/05/2024,"Digitalisation et transfert des registres comptables de l'exercice
2018.",01 pièce jointe,"Dans le cadre de notre projet de modernisation des systèmes
d'information, nous avons entrepris de numériser l'ensemble des
archives physiques relatives à l'exercice comptable 2018. Nous vous
prions de bien vouloir organiser l'inventaire complet des dossiers
concernés avant leur transfert vers notre prestataire spécialisé pour
traitement. Cette opération est indispensable pour assurer la
conformité de nos procédures d'audit interne. Nous vous remercions de
nous transmettre le planning prévisionnel de cette préparation sous
huitaine.",Direction Générale,Service Archives & Documentation - À l'attention de la Responsable du fonds documentaire,"Direction Financière, Direction des Systèmes d'Information",,Direction Générale,Service Archives & Documentation
filled/doc_108_tmpl3_SRI-SG-RC-2023-108.pdf,template-3.pdf,No,SRI/SG-RC/2023/108,14/11/2023,"Mise à jour des procédures de gestion des réclamations liées aux
nouveaux services financiers.",01 pièce jointe,"Dans le cadre de l'extension de notre offre bancaire, il est
nécessaire d'harmoniser le traitement des réclamations clients au sein
de vos points de contact. Vous trouverez en annexe le nouveau guide de
procédure définissant les délais de réponse garantis pour les services
de transfert d'argent. Je vous saurais gré de bien vouloir diffuser
ces consignes auprès de l'ensemble de vos agents de guichet afin
d'assurer une qualité de service uniforme. Nous restons à votre
disposition pour organiser une session de formation complémentaire si
nécessaire.",Service Relations Institutionnelles,À l'attention du Responsable du Service Guichet & Relations Clientèle,"Direction de l'Exploitation, Service Conformité",,Service Relations Institutionnelles,Service Guichet & Relations Clientèle
filled/doc_109_tmpl1_SRH-RI-2023-109.pdf,template-1.pdf,No,SRH/RI/2023/109,24/05/2024,"Coordination relative à la nouvelle convention collective et
communication interne",02 pièces jointes,"Dans le cadre de la mise en œuvre de la nouvelle convention collective
au sein de notre institution, nous vous transmettons les dernières
notes explicatives destinées aux collaborateurs. Il est essentiel que
le Service Relations Institutionnelles harmonise ces éléments avec
notre stratégie de communication externe pour garantir la cohérence de
nos messages. Nous vous remercions de bien vouloir valider les
supports de diffusion avant leur mise en ligne officielle. Ces
documents détaillent notamment les ajustements de régimes
indemnitaires impactant nos partenaires sociaux.",Service Ressources Humaines,À l'attention du Service Relations Institutionnelles,"Direction Générale, Service Communication",,Service Ressources Humaines,Service Relations Institutionnelles
filled/doc_110_tmpl2_SAD-DG-2023-110.pdf,template-2.pdf,Yes,SAD/DG/2023/110,14/11/2023,"Rapport annuel sur l'état de conservation des archives physiques et
numérisation des dossiers sensibles.",01 pièce jointe,"Faisant suite à notre audit semestriel, le Service Archives &
Documentation a le plaisir de vous soumettre le rapport d'inventaire
relatif au traitement des archives historiques et bancaires. Ce
document souligne la nécessité d'une accélération du processus de
numérisation pour les dossiers dont la durée d'utilité administrative
arrive à échéance en fin d'exercice. Nous préconisons une allocation
budgétaire supplémentaire afin de sécuriser le transfert de ces
données vers notre coffre-fort numérique certifié. Nous restons à
votre entière disposition pour discuter des modalités de mise en œuvre
de ces recommandations lors de notre prochain comité de pilotage.",Service Archives & Documentation,À l'attention de la Direction Générale,"Direction des Systèmes d'Information, Direction Juridique",,Service Archives & Documentation,Direction Générale
filled/doc_111_tmpl3_DCF-ARCH-2023-111.pdf,template-3.pdf,No,DCF/ARCH/2023/111,24/05/2024,"Demande de versement et archivage des dossiers de prêts immobiliers
clôturés.",03 pièces jointes,"Dans le cadre de la mise en conformité de nos procédures de gestion
documentaire, nous vous transmettons les dossiers de crédit immobilier
arrivés à échéance durant l'exercice 2023. Nous vous prions de bien
vouloir procéder à leur enregistrement dans vos registres officiels et
à leur conservation sécurisée conformément à la réglementation
bancaire en vigueur. Vous trouverez en annexe le bordereau de
transfert détaillé listant les références des dossiers concernés par
ce versement. Nous restons à votre entière disposition pour toute
précision logistique nécessaire au transfert physique de ces archives.",Département Crédit & Financement,À l'attention du Responsable du Service Archives & Documentation,"Direction des Risques, Direction de la Conformité",,Département Crédit & Financement,Service Archives & Documentation
filled/doc_112_tmpl1_DCCI-RH-2023-112.pdf,template-1.pdf,No,DCCI/RH/2023/112,14/11/2023,"Renforcement du dispositif de contrôle interne lié aux habilitations
d'accès aux systèmes d'information bancaire.",01 pièce jointe,"Dans le cadre de notre mission annuelle de conformité, nous avons
relevé des écarts dans la gestion des accès aux applications critiques
pour certains collaborateurs récemment mutés. Il est impératif que le
Service Ressources Humaines nous communique sans délai les fiches de
poste à jour afin de procéder à la révision des droits d'accès. Cette
procédure vise à garantir l'intégrité de nos processus bancaires et à
prévenir tout risque opérationnel lié au cumul de fonctions
incompatibles. Nous vous remercions de votre coopération pour assurer
la mise en conformité de ces profils avant la fin du trimestre.",Département Conformité & Contrôle Interne,À l'attention du Responsable du Service Ressources Humaines,"Direction des Systèmes d'Information, Direction Générale",,Département Conformité & Contrôle Interne,Service Ressources Humaines
filled/doc_113_tmpl2_DFC-113-2023.pdf,template-2.pdf,Yes,DFC/113/2023,14/11/2023,"Audit des procédures de transfert de fonds et sécurisation des flux
monétaires.",01 pièce jointe,"Dans le cadre de la révision annuelle de nos procédures de contrôle
interne, nous avons identifié des écarts significatifs dans le
traitement des flux de fonds entre nos agences postales et le centre
de tri financier. Afin de garantir l'intégrité des opérations et de
prévenir tout risque de fraude interne ou externe, nous sollicitons
votre expertise pour renforcer les dispositifs de surveillance
physique et numérique. Veuillez trouver ci-joint l'état des anomalies
constatées lors du dernier trimestre pour examen approfondi. Nous
restons à votre entière disposition pour organiser une séance de
travail commune afin de valider les mesures correctives nécessaires.",Département Finances & Comptabilité,À l'attention du Responsable du Département Sécurité & Prévention,"Direction Générale, Audit Interne",,Département Finances & Comptabilité,Département Sécurité & Prévention
filled/doc_114_tmpl3_DCF-2023-114.pdf,template-3.pdf,No,DCF/2023/114,14/10/2023,"Mise à jour des procédures d'octroi de crédits à la consommation et
nouveaux barèmes de taux.",02 pièces jointes,"Dans le cadre de l'optimisation de notre offre commerciale, nous vous
prions de bien vouloir diffuser auprès de l'ensemble de vos agences
les nouvelles directives relatives aux dossiers de prêt. Ces
ajustements tarifaires entrent en vigueur immédiatement afin de
renforcer notre compétitivité sur le marché actuel. Nous vous
remercions de veiller à ce que les chargés de clientèle appliquent
rigoureusement les nouvelles grilles de scoring transmises en annexe.
Toute demande de dérogation devra faire l'objet d'une instruction
préalable par nos services.",Département Crédit & Financement,À l'attention de la Direction du Département Réseau & Agences,"Direction Générale, Département Conformité & Risques",,Département Crédit & Financement,Département Réseau & Agences
filled/doc_115_tmpl1_DFC-115-2023.pdf,template-1.pdf,No,DFC/115/2023,24/05/2023,Transfert et archivage des pièces comptables de l'exercice 2022.,02 pièces jointes,"Dans le cadre de la clôture annuelle, nous vous transmettons ce jour
les liasses comptables ainsi que les justificatifs de paiement
relatifs à l'exercice 2022 pour archivage définitif. Nous vous prions
de bien vouloir procéder à leur enregistrement dans vos registres
selon les procédures en vigueur au sein de notre institution. Merci de
nous confirmer par retour de courrier la bonne réception de ces
dossiers afin de régulariser nos inventaires internes.",Département Finances & Comptabilité,À l'attention du Responsable du Service Archives & Documentation,"Direction Générale, Service Contrôle de Gestion",,Département Finances & Comptabilité,Service Archives & Documentation
filled/doc_116_tmpl2_RH-LOG-2023-116.pdf,template-2.pdf,Yes,RH/LOG/2023/116,24/10/2023,"Planification des formations de sécurité pour les agents du centre de
tri et gestion des équipements de protection individuelle.",01 pièce jointe,"Dans le cadre de la mise en conformité de nos protocoles de sécurité,
le service Ressources Humaines organise une série de sessions de
formation obligatoires pour l'ensemble du personnel logistique. Ces
modules couvriront la manipulation des charges lourdes et les
procédures de sécurité liées à la conduite des chariots élévateurs
dans les zones de stockage. Nous vous prions de bien vouloir libérer
les agents listés ci-dessous aux créneaux horaires indiqués afin
d'assurer la continuité de notre service tout en respectant les
exigences réglementaires. Votre collaboration est essentielle pour
maintenir un environnement de travail sécurisé et productif pour
l'ensemble de nos équipes.",Service Ressources Humaines,À l'attention du Responsable du Service Colis & Logistique,"Direction de la Sécurité, Direction Générale",,Service Ressources Humaines,Service Colis & Logistique
filled/doc_117_tmpl3_DFC-SEPB-2023-117.pdf,template-3.pdf,Yes,DFC/SEPB/2023/117,24/05/2024,"Réconciliation des intérêts créditeurs et ajustement des taux des
livrets d'épargne pour le premier trimestre 2024.",01 pièce jointe,"Dans le cadre de notre clôture trimestrielle, nous avons relevé des
écarts significatifs entre les projections de rémunération et les
montants réellement provisionnés sur les comptes d'épargne. Nous vous
prions de bien vouloir valider les taux appliqués pour chaque
catégorie de produit listée ci-dessous afin de permettre l'apurement
définitif de nos comptes de liaison. Une attention particulière doit
être portée aux produits réglementés dont les variations de taux ont
pris effet au début de la période fiscale. Nous restons à votre
entière disposition pour toute clarification technique nécessaire à la
régularisation de ces écritures comptables.",Département Finances & Comptabilité,À l'attention du Service Épargne & Produits Bancaires,"Direction Générale, Contrôle de Gestion",,Département Finances & Comptabilité,Service Épargne & Produits Bancaires
filled/doc_118_tmpl1_SRH-VMP-2023-118.pdf,template-1.pdf,No,SRH/VMP/2023/118,14/11/2023,"Mise à jour des coordonnées bancaires des collaborateurs et procédures
de virement des salaires.",01 pièce jointe,"Dans le cadre de l'optimisation de notre processus de paie, nous vous
prions de bien vouloir prendre en compte les nouvelles coordonnées
bancaires transmises par les agents pour la campagne de fin d'année.
Afin d'éviter tout rejet de virement, merci de vérifier la conformité
des nouveaux IBAN saisis dans notre base de données interne. Nous
restons à votre entière disposition pour coordonner les flux
financiers nécessaires avant la clôture du mois de novembre.",Service Ressources Humaines,À l'attention du Service Virements & Moyens de Paiement,"Direction Financière, Service Comptabilité",,Service Ressources Humaines,Service Virements & Moyens de Paiement
filled/doc_119_tmpl2_DAI-RH-2023-119.pdf,template-2.pdf,Yes,DAI/RH/2023/119,14/11/2023,"Demande de régularisation et contrôle des dossiers du personnel dans
le cadre de l'audit annuel.",01 pièce jointe,"Dans le cadre de notre mission d'audit annuel portant sur la
conformité administrative, nous avons identifié plusieurs incohérences
concernant la mise à jour des contrats et des justificatifs de
diplômes. Nous vous prions de bien vouloir procéder à une vérification
approfondie des dossiers listés ci-dessous afin de régulariser les
situations manquantes avant le 30 novembre. Cette démarche est
indispensable pour garantir la fiabilité de notre reporting interne
auprès de la Direction Générale. Nous restons à votre entière
disposition pour tout complément d'information nécessaire à cette mise
en conformité.",Département Audit & Inspection,À l'attention du Responsable du Service Ressources Humaines,"Direction Générale, Direction Juridique",,Département Audit & Inspection,Service Ressources Humaines
filled/doc_120_tmpl3_DPPP-120-2023.pdf,template-3.pdf,No,DPPP/120/2023,24/05/2024,"Validation de la stratégie de communication pour l'émission
philatélique du centenaire.",01 pièce jointe,"Dans le cadre de la préparation de la prochaine émission
commémorative, nous vous transmettons les visuels définitifs des
timbres prévus pour le centenaire de l'institution. Nous sollicitons
votre expertise pour concevoir une campagne de promotion digitale et
print cohérente avec notre charte graphique. Il est impératif de
coordonner ces supports avec le lancement prévu sur nos réseaux
sociaux le mois prochain. Nous restons à votre disposition pour
convenir d'une réunion de cadrage afin d'ajuster les éléments de
langage.",Département Philatélie & Produits Postaux,À l'attention du Service Marketing & Communication,"Direction Générale, Service Logistique",,Département Philatélie & Produits Postaux,Service Marketing & Communication
filled/doc_121_tmpl1_DPPP-DCCI-2023-0121.pdf,template-1.pdf,Yes,DPPP/DCCI/2023/0121,24/10/2023,"Audit de conformité des procédures de vente des émissions
philatéliques de collection.",01 pièce jointe,"Dans le cadre de la mise en conformité de nos protocoles de vente pour
les séries limitées, nous vous soumettons le rapport d'inventaire
relatif aux transactions effectuées au cours du troisième trimestre.
Nous sollicitons votre expertise pour valider la transparence du
processus d'allocation des timbres à tirage restreint auprès des
revendeurs agréés. Cette analyse vise à prévenir tout risque de
spéculation indue conformément aux directives de la réglementation
interne en vigueur. Nous restons à votre entière disposition pour tout
complément d'information lors d'une prochaine réunion de contrôle.",Département Philatélie & Produits Postaux,À: Département Conformité & Contrôle Interne,"Direction Générale, Département Audit Interne",,Département Philatélie & Produits Postaux,Département Conformité & Contrôle Interne
filled/doc_122_tmpl2_SCD-DRA-2023-122.pdf,template-2.pdf,Yes,SCD/DRA/2023/122,14/11/2023,"Optimisation des flux de traitement du courrier administratif et
bancaire en agence.",01 pièce jointe,"Dans le cadre de l'amélioration continue de nos processus
opérationnels, nous avons identifié des disparités importantes dans le
traitement du courrier sortant au sein de vos agences. Le présent mémo
détaille les anomalies constatées lors des trois derniers mois sur la
gestion des plis recommandés et des envois express. Nous sollicitons
votre collaboration pour sensibiliser vos responsables d'agence sur le
respect scrupuleux des procédures d'affranchissement et de remise au
prestataire. Vous trouverez en annexe le tableau récapitulatif des
agences présentant un taux de rejet anormalement élevé.",Service Courrier & Distribution,À: Département Réseau & Agences,"Direction Générale, Service Logistique",,Service Courrier & Distribution,Département Réseau & Agences
filled/doc_123_tmpl3_SCL-AUDIT-2023-123.pdf,template-3.pdf,Yes,SCL/AUDIT/2023/123,14/11/2023,"Transmission des rapports d'anomalies de traitement logistique et
régularisation des flux de colis.",01 pièce jointe,"Dans le cadre de notre procédure interne de contrôle qualité, nous
vous transmettons le relevé détaillé des écarts constatés sur la
chaîne de tri durant le dernier trimestre. Ces données font état
d'anomalies récurrentes lors de la phase de scanage aux plateformes
régionales, impactant directement les délais de livraison garantis.
Nous sollicitons votre expertise pour l'analyse de ces écarts et une
éventuelle inspection ciblée sur les centres mentionnés. Nous restons
à votre entière disposition pour tout complément d'information
nécessaire à vos investigations.",Service Colis & Logistique,À: Département Audit & Inspection,"Direction des Opérations, Direction de la Conformité",,Service Colis & Logistique,Département Audit & Inspection
filled/doc_124_tmpl1_DIS-2023-124.pdf,template-1.pdf,No,DIS/2023/124,24/05/2024,"Mise à jour des outils de gestion de campagnes marketing et migration
des bases de données clients.",02 pièces jointes,"Dans le cadre de l'optimisation de nos systèmes, nous vous informons
que la migration des bases de données clients vers la nouvelle
infrastructure sera finalisée ce vendredi. Cette transition nécessite
une interruption temporaire de vos accès aux outils de ciblage entre
20h00 et minuit. Nous vous prions de bien vouloir suspendre toute
campagne d'envoi automatisé durant cette plage horaire afin de
garantir l'intégrité des données. Nos équipes techniques restent à
votre entière disposition pour assurer un accompagnement personnalisé
lors de la reprise des services lundi matin.",Département Informatique & Systèmes,À: Service Marketing & Communication,"Direction Générale, Service Gestion des Risques",,Département Informatique & Systèmes,Service Marketing & Communication
filled/doc_125_tmpl2_SCD-DG-2023-125.pdf,template-2.pdf,Yes,SCD/DG/2023/125,24/05/2023,"Bilan semestriel de la distribution du courrier et recommandations
pour l'optimisation des flux logistiques.",01 pièce jointe,"Dans le cadre de notre suivi trimestriel, nous avons analysé les
volumes de courriers traités et les délais d'acheminement inter-
agences. Il apparaît que la densification du réseau bancaire impacte
significativement nos capacités de distribution actuelle, nécessitant
une révision de nos protocoles de traitement. Nous soumettons à votre
attention le tableau récapitulatif des flux par secteur afin d'appuyer
notre demande de renforcement logistique. Nous restons à votre entière
disposition pour discuter des ajustements budgétaires nécessaires lors
d'une prochaine entrevue.",Service Courrier & Distribution,À: Direction Générale,"Direction des Opérations, Direction Financière",,Service Courrier & Distribution,Direction Générale
filled/doc_126_tmpl3_SGRC-DIS-2023-126.pdf,template-3.pdf,Yes,SGRC/DIS/2023/126,14/11/2023,"Recensement des anomalies constatées sur les terminaux de guichet
suite à la mise à jour du progiciel bancaire.",01 pièce jointe,"Suite au déploiement de la version 4.2 du progiciel bancaire, nos
agents en agence font remonter des dysfonctionnements récurrents
affectant la fluidité des opérations de retrait et de dépôt. Nous
avons compilé une liste détaillée des erreurs système rencontrées lors
des sessions de travail quotidiennes afin de faciliter vos
investigations techniques. Il est impératif d'intervenir rapidement
pour éviter une dégradation de la qualité de service rendue à notre
clientèle. Nous restons à votre entière disposition pour effectuer des
tests complémentaires si nécessaire.",Service Guichet & Relations Clientèle,À: Département Informatique & Systèmes,"Direction des Opérations Bancaires, Direction de l'Audit Interne",,Service Guichet & Relations Clientèle,Département Informatique & Systèmes
filled/doc_127_tmpl1_SGRC-127-2023.pdf,template-1.pdf,Yes,SGRC/127/2023,24/05/2024,"Transmission de dossiers de réclamations clients pour analyse
juridique et recouvrement contentieux.",01 pièce jointe,"Nous vous transmettons, ci-joint, la liste des dossiers clients ayant
fait l'objet d'un signalement pour impayés prolongés malgré nos
multiples relances amiables. Notre service n'étant plus en mesure
d'obtenir une régularisation spontanée des comptes, nous sollicitons
votre expertise pour engager les procédures de recouvrement forcé
nécessaires. Nous vous prions de bien vouloir étudier chaque situation
afin de déterminer les actions légales appropriées pour préserver les
intérêts de notre institution. Nous restons à votre entière
disposition pour tout complément d'information relatif à ces profils
débiteurs.",Service Guichet & Relations Clientèle,À: Service Juridique & Contentieux,"Direction des Risques, Direction Générale",,Service Guichet & Relations Clientèle,Service Juridique & Contentieux
filled/doc_128_tmpl2_SCD-SG-RC-2023-128.pdf,template-2.pdf,No,SCD/SG-RC/2023/128,24/05/2024,"Optimisation de la distribution du courrier recommandé et gestion des
instances au guichet.",01 pièce jointe,"Nous constatons une augmentation du volume de plis recommandés non
réclamés retournés à nos services, ce qui alourdit inutilement notre
chaîne logistique. Nous vous prions de bien vouloir sensibiliser vos
agents au respect des procédures de notification et de conservation
des instances. Vous trouverez en annexe le récapitulatif des anomalies
constatées lors des trois dernières semaines. Nous restons à votre
disposition pour convenir d'un point de coordination afin d'améliorer
la qualité de service rendue à nos usagers.",Service Courrier & Distribution,À: Service Guichet & Relations Clientèle,"Direction des Opérations Postales, Service Qualité",,Service Courrier & Distribution,Service Guichet & Relations Clientèle
filled/doc_129_tmpl3_DFC-SEPB-2023-129.pdf,template-3.pdf,Yes,DFC/SEPB/2023/129,14/11/2023,"Réconciliation des comptes d'épargne et régularisation des intérêts
débiteurs.",01 pièce jointe,"Dans le cadre de la clôture comptable trimestrielle, nous avons relevé
des écarts significatifs entre les soldes des livrets d'épargne et les
écritures de capitalisation d'intérêts. Nous vous prions d'examiner le
tableau ci-joint détaillant les anomalies constatées sur les
différents produits bancaires afin de procéder aux ajustements
nécessaires. Votre coopération est indispensable pour assurer la
conformité de nos états financiers avant l'audit annuel. Nous
attendons votre retour concernant les corrections à apporter d'ici la
fin de la semaine.",Département Finances & Comptabilité,À: Service Épargne & Produits Bancaires,"Direction Générale, Service Audit Interne",,Département Finances & Comptabilité,Service Épargne & Produits Bancaires
filled/doc_130_tmpl1_SMC-DNA-2023-130.pdf,template-1.pdf,Yes,SMC/DNA/2023/130,14/11/2023,"Déploiement de la nouvelle campagne promotionnelle sur les produits
d'épargne et mise à jour des supports en agence.",01 pièce jointe,"Dans le cadre de notre stratégie de conquête de fin d'année, nous
lançons une campagne promotionnelle axée sur nos produits d'épargne
réglementée. À cet effet, nous vous prions de bien vouloir veiller à
l'installation des nouveaux présentoirs et à la mise à disposition des
brochures tarifaires dans l'ensemble de vos points de vente avant le
20 novembre. Le détail des dotations et les consignes de mise en place
sont récapitulés dans le tableau ci-joint pour chaque type d'agence.
Nous comptons sur votre engagement pour assurer la visibilité optimale
de cette offre auprès de notre clientèle.",Service Marketing & Communication,À: Département Réseau & Agences,"Direction Commerciale, Direction de la Logistique",,Service Marketing & Communication,Département Réseau & Agences
filled/doc_131_tmpl2_DFD-DCF-2023-131.pdf,template-2.pdf,Yes,DFD/DCF/2023/131,14/11/2023,"Planification des sessions de formation technique sur les nouveaux
produits de crédit et outils d'octroi.",01 pièce jointe,"Dans le cadre de l'actualisation des procédures d'octroi de crédits,
le Département Formation & Développement organise un cycle de remise à
niveau pour vos collaborateurs. Ces sessions visent à harmoniser les
pratiques d'analyse financière et à garantir une parfaite maîtrise des
nouveaux outils de notation interne. Nous vous prions de bien vouloir
consulter le calendrier ci-dessous pour organiser la rotation de vos
équipes sur les créneaux proposés. Votre confirmation de participation
est attendue d'ici le 20 novembre afin de finaliser la logistique.",Département Formation & Développement,,"Direction des Risques, Direction Générale",,Département Formation & Développement,Département Crédit & Financement
filled/doc_132_tmpl3_DIS-132-2023.pdf,template-3.pdf,Yes,DIS/132/2023,14/11/2023,"Plan de déploiement et de mise à jour des terminaux bancaires dans le
réseau d'agences. Cette opération vise à garantir la conformité
sécuritaire de notre parc informatique.",01 pièce jointe,"Dans le cadre de notre stratégie de modernisation des systèmes
d'encaissement, nous procédons à la mise à jour critique de vos
terminaux bancaires. Veuillez noter que cette intervention nécessite
une disponibilité immédiate de vos équipes techniques locales durant
les plages horaires définies. Nous comptons sur votre collaboration
pour faciliter les accès physiques et logiques à l'ensemble du parc
concerné par ce déploiement. L'opération débutera dès la semaine
prochaine afin de minimiser les interruptions de service pour notre
clientèle.",Département Informatique & Systèmes,À: Département Réseau & Agences,"Direction des Opérations, Direction de la Sécurité des Systèmes d'Information",,Département Informatique & Systèmes,Département Réseau & Agences
filled/doc_133_tmpl1_SAD-DFC-2023-133.pdf,template-1.pdf,No,SAD/DFC/2023/133,24/05/2023,"Communication des bordereaux d'archivage des exercices comptables
2018-2020.",03 pièces jointes,"Dans le cadre de notre procédure de gestion documentaire, nous vous
transmettons par la présente les bordereaux de versement correspondant
aux documents comptables des exercices 2018 à 2020. Ces pièces ont été
dûment inventoriées et sont désormais prêtes pour un transfert
définitif vers nos locaux sécurisés. Nous vous prions de bien vouloir
valider les listes annexées afin de nous permettre de clôturer les
dossiers concernés au sein du système. Nous restons à votre entière
disposition pour toute information complémentaire relative au
calendrier de conservation des archives financières.",Service Archives & Documentation,À: Département Finances & Comptabilité,"Direction Générale, Service Audit Interne",,Service Archives & Documentation,Département Finances & Comptabilité
filled/doc_134_tmpl2_SRI-DFD-2023-134.pdf,template-2.pdf,Yes,SRI/DFD/2023/134,14/11/2023,"Coordination du programme de formation sur les nouvelles normes
bancaires et relation client.",01 pièce jointe,"Dans le cadre de l'actualisation de nos procédures internes, nous
souhaitons solliciter votre expertise pour organiser une série de
sessions de formation à destination de nos conseillers en agence. Ces
ateliers doivent permettre une appropriation rapide des dernières
réglementations bancaires ainsi que des nouveaux outils de gestion de
la relation client mis en place par notre institution. Nous avons
préparé une liste préliminaire des agences prioritaires nécessitant
une mise à niveau immédiate pour garantir la qualité de service. Nous
restons à votre disposition pour convenir d'une date de réunion afin
de finaliser le calendrier opérationnel de ces interventions.",Service Relations Institutionnelles,À: Département Formation & Développement,"Direction de la Stratégie, Direction des Opérations Bancaires",,Service Relations Institutionnelles,Département Formation & Développement
filled/doc_135_tmpl3_SMC-135-2023.pdf,template-3.pdf,Yes,SMC/135/2023,24/10/2023,"Validation juridique des nouvelles conditions tarifaires et des
clauses de responsabilité pour la campagne 'Épargne 2024'.",02 pièces jointes,"Dans le cadre du lancement de notre nouvelle offre d'épargne
structurée prévue pour le premier trimestre 2024, nous vous prions de
bien vouloir examiner les supports de communication ci-joints. Il est
impératif que les mentions légales ainsi que les clauses de non-
responsabilité soient alignées avec les récentes évolutions
réglementaires bancaires. Nous vous remercions d'auditer ces documents
afin de prévenir tout risque de contentieux lié à l'information
précontractuelle des clients. Votre validation formelle est
indispensable avant la transmission des fichiers à nos partenaires
imprimeurs et au déploiement digital.",Service Marketing & Communication,À: Service Juridique & Contentieux,"Direction Générale, Direction de la Conformité",,Service Marketing & Communication,Service Juridique & Contentieux
filled/doc_136_tmpl1_SCL-MC-2023-136.pdf,template-1.pdf,Yes,SCL/MC/2023/136,24/05/2024,"Communication des données de volumétrie pour la campagne
promotionnelle estivale.",01 pièce jointe,"Dans le cadre de la préparation de notre prochaine campagne de
communication sur les offres d'envoi colis, nous avons consolidé les
données de performance logistique du premier semestre. Vous trouverez
ci-joint le détail des flux par région, permettant d'orienter vos
visuels publicitaires vers les zones à forte croissance. Il est
essentiel que vos supports mettent en avant la rapidité de notre
réseau de points relais pour soutenir l'augmentation attendue du
volume de colis. Nous restons à votre entière disposition pour toute
précision technique sur les données transmises.",Service Colis & Logistique,À: Service Marketing & Communication,"Direction Générale, Direction Opérations",,Service Colis & Logistique,Service Marketing & Communication
filled/doc_137_tmpl2_SAD-137-2023.pdf,template-2.pdf,Yes,SAD/137/2023,14/11/2023,"Transmission des archives historiques pour la campagne de
communication institutionnelle.",01 pièce jointe,"Dans le cadre de la préparation de votre campagne de communication
institutionnelle célébrant le centenaire de notre institution, nous
avons sélectionné les documents iconographiques et textuels les plus
pertinents. Ces archives, numérisées pour vos besoins, retracent
l'évolution de nos services postaux et bancaires depuis 1923. Nous
vous invitons à consulter l'inventaire détaillé ci-dessous et restons
à votre entière disposition pour tout complément d'information ou
recherche complémentaire. Veuillez vous assurer que toute exploitation
de ces visuels respecte les chartes graphiques et les droits de
propriété intellectuelle en vigueur.",Service Archives & Documentation,À: Service Marketing & Communication,"Direction Générale, Service Juridique",,Service Archives & Documentation,Service Marketing & Communication
filled/doc_138_tmpl3_DRA-JUR-2023-138.pdf,template-3.pdf,Yes,DRA/JUR/2023/138,14/11/2023,"Transmission des dossiers d'agences présentant des irrégularités
récurrentes de conformité et de gestion de caisse.",01 pièce jointe,"Dans le cadre de nos contrôles périodiques, nous avons identifié
plusieurs agences affichant des écarts persistants dans le traitement
des opérations de caisse et le respect des procédures KYC. Nous vous
transmettons ci-joint la liste détaillée de ces agences afin d'initier
une analyse juridique approfondie concernant les risques de
responsabilité institutionnelle. Nous sollicitons votre expertise pour
déterminer les mesures conservatoires ou les sanctions disciplinaires
à appliquer aux responsables concernés. Nous restons à votre
disposition pour toute information complémentaire nécessaire à
l'instruction de ces dossiers.",Département Réseau & Agences,À: Service Juridique & Contentieux,"Direction Générale, Direction de l'Audit Interne",,Département Réseau & Agences,Service Juridique & Contentieux
filled/doc_139_tmpl1_SCD-DG-2023-139.pdf,template-1.pdf,No,SCD/DG/2023/139,24/05/2023,"Optimisation des circuits de distribution du courrier sensible et
sécurisation des flux bancaires.",02 pièces jointes,"Suite à l'audit récent de nos processus logistiques, nous avons
identifié des axes d'amélioration concernant le traitement du courrier
bancaire confidentiel. Le Service Courrier & Distribution propose une
refonte des protocoles de traçabilité afin de garantir une sécurité
accrue lors des transferts inter-agences. Nous sollicitons votre
validation pour le déploiement de ces nouvelles procédures dès le mois
prochain afin de réduire les risques opérationnels. Votre appui est
indispensable pour assurer la conformité avec nos standards de qualité
de service.",Service Courrier & Distribution,À: Direction Générale,"Direction des Risques, Direction de la Logistique",,Service Courrier & Distribution,Direction Générale
filled/doc_140_tmpl2_SRI-DFC-2023-140.pdf,template-2.pdf,No,SRI/DFC/2023/140,24/05/2024,"Demande de régularisation des frais liés aux événements de partenariat
institutionnel du premier trimestre.",02 pièces jointes,"Dans le cadre de nos activités de relations publiques menées au cours
du premier trimestre, je vous prie de bien vouloir procéder à la
régularisation des factures fournisseurs détaillées en annexe. Ces
dépenses correspondent aux frais d'organisation des séminaires de haut
niveau tenus avec nos partenaires bancaires stratégiques. Je reste à
votre entière disposition pour toute information complémentaire
nécessaire à la validation comptable de ces engagements. Votre
diligence pour le traitement de ce dossier nous permettrait de
clôturer les comptes trimestriels dans les délais impartis.",Service Relations Institutionnelles,À: Département Finances & Comptabilité,"Direction Générale, Service Audit Interne",,Service Relations Institutionnelles,Département Finances & Comptabilité
filled/doc_142_tmpl1_SG-RC-DIS-2023-142.pdf,template-1.pdf,No,SG-RC/DIS/2023/142,24/05/2024,"Dysfonctionnement intermittent des terminaux de paiement au guichet et
demande d'audit technique.",01 pièce jointe,"Nous constatons depuis le début de la semaine des interruptions de
service récurrentes sur les terminaux de paiement utilisés par nos
agents d'accueil, impactant directement la fluidité des files
d'attente. Nous vous sollicitons pour réaliser un diagnostic complet
de la connexion au serveur central et vérifier l'intégrité des flux
transactionnels. Vous trouverez en annexe le rapport détaillé des
codes d'erreur remontés par les différents guichets. Votre
intervention rapide est indispensable pour rétablir la qualité de
service attendue par nos usagers.",Service Guichet & Relations Clientèle,À: Département Informatique & Systèmes,"Direction des Opérations, Direction Générale",,Service Guichet & Relations Clientèle,Département Informatique & Systèmes
filled/doc_142_tmpl1_DG-DIS-2023-142.pdf,template-1.pdf,Yes,DG/DIS/2023/142,24/05/2023,"Audit de performance et mise à jour des infrastructures critiques du
réseau bancaire.",02 pièces jointes,"Dans le cadre de notre plan de modernisation numérique, la Direction
Générale sollicite une expertise technique approfondie concernant la
stabilité des serveurs de traitement des transactions monétiques. Il
est impératif d'évaluer la capacité actuelle de nos systèmes face à
l'accroissement des flux bancaires observés sur le dernier trimestre.
Nous vous prions de bien vouloir élaborer un rapport d'audit détaillé
incluant les vulnérabilités identifiées ainsi que les préconisations
de mise à niveau nécessaires pour garantir la continuité de service.
Vos conclusions permettront d'arbitrer les investissements
technologiques à prévoir pour l'exercice à venir.",Direction Générale,À: Département Informatique & Systèmes,"Direction Financière, Département Gestion des Risques",,Direction Générale,Département Informatique & Systèmes
